Workbook

Sheet Semana 1
E1: 1 | G1: 2 | H1: 3 | I1: 4 | J1: 5 | K1: 6 | L1: 7 | M1: 8 | N1: 9 | O1: 10 | P1: 11 | Q1: 48 | R1: 49 | S1: 50 | T1: 51 | U1: 52 | V1: 53 | W1: 54 | X1: 55 | Y1: 56 | Z1: 57 | AA1: 58 | AB1: 59 | AC1: 60 | AD1: 61
E2: Servicio al cliente
B3: # | C3: Produc | D3: Codigo | E3: Requerimiento | H3: Lunes | Q3: Sabado
E4: Scheduled | H4: Horario | J4: Almuerzo | L4: Break 1 | N4: Break 2 | Q4: Horario | S4: Almuerzo | U4: Break 1 | W4: Break 2
E5: Over / Under | F5: Semana 1 | G5: Skill | H5: 1 Entrada Lunes | I5: 1 Salida Lunes | J5: 1 Inicio Almuerzo Lunes | K5: 1 Termina Almuerzo Lunes | L5: 1 Incio Break 1 Lunes | M5: 1 Termina Break 1 Lunes | N5: 1 Incio Break 2 Lunes | O5: 1 Termina Break 2 Lunes | P5: 1 Horas Lunes | Q5: 1 Entrada Sabado | R5: 1 Salida Sabado | S5: 1 Inicio AlmuerzoSabado | T5: 1 Termina Almuerzo Sabado | U5: 1 Incio Break 1 Sabado | V5: 1 Termina Break 1 Sabado | W5: 1 Incio Break 2 Sabado | X5: 1 Termina Break 2 Sabado | Y5: 1 Horas Sabado | Z5: 1 Horas Martes | AA5: 1 Horas Miercoles | AB5: 1 Horas Jueves | AC5: 1 Horas Viernes | AD5: 1 Horas Semanales
B6: 1 | C6: Si | E6: =Personal!G6 -> Nancy Beatriz Pedroza | F6: Semana 1 | G6: =Personal!H6 -> AGENTE | H6: 0.70833333 | I6: 1 | J6: 0.79166667 | K6: 0.8125 | L6: 0.8125 | M6: =IF(G6="AGENTE",'Semana 1'!$L6+0.014,IF(G6="REDES",'Semana 1'!$L6+0.014,IF(G6="AGENTE RM",'Semana 1'!$L6+0.014,IF(G6="AGENTE APERTURA",'Semana 1'!$L6+0.014,IF(G6="AGENTE CIERRE",'Semana 1'!$L6+0.014," - "))))) -> 19:50 | N6: 0.82638889 | O6: =IF(G6="AGENTE",'Semana 1'!$N6+0.007,IF(G6="REDES",'Semana 1'!$N6+0.007,IF(G6="AGENTE RM",'Semana 1'!$N6+0.007,IF(G6="AGENTE APERTURA",'Semana 1'!$N6+0.007,IF(G6="AGENTE CIERRE",'Semana 1'!$N6+0.007," - "))))) -> 20:00 | P6: =(IFERROR(I6-H6,0)*24)-1 -> 6.0 | Q6: 0.70833333 | R6: 1 | S6: 0.79166667 | T6: 0.8125 | U6: 0.8125 | V6: 0.8265 | W6: 0.82638889 | X6: 0.83338889 | Y6: =(IFERROR(R6-Q6,0)*24)-1 -> 6.0 | Z6: =$P6 -> 6.0 | AA6: =$P6 -> 6.0 | AB6: =$P6 -> 6.0 | AC6: =$P6 -> 6.0 | AD6: =P6+Z6+AA6+AB6+AC6+Y6 -> 36
B7: 2 | C7: Si | E7: =Personal!G7 -> Carina Alejandra Peliz Reban | F7: Semana 1 | G7: =Personal!H7 -> REDES | H7: 0.375 | I7: =IF(H7=0," ",IF(Q7=0,(H7+0.417),(H7+0.3756))) -> 18:00 | J7: 0.5 | K7: =IF(G7="AGENTE",'Semana 1'!$J7+0.042,IF(G7="REDES",'Semana 1'!$J7+0.042,IF(G7="AGENTE RM",'Semana 1'!$J7+0.042,IF(G7="AGENTE APERTURA",'Semana 1'!$J7+0.021,IF(G7="AGENTE CIERRE",'Semana 1'!$J7+0.021," - "))))) -> 13:00 | L7: 0.41666667 | M7: =IF(G7="AGENTE",'Semana 1'!$L7+0.014,IF(G7="REDES",'Semana 1'!$L7+0.014,IF(G7="AGENTE RM",'Semana 1'!$L7+0.014,IF(G7="AGENTE APERTURA",'Semana 1'!$L7+0.014,IF(G7="AGENTE CIERRE",'Semana 1'!$L7+0.014," - "))))) -> 10:20 | N7: 0.64583333 | O7: =IF(G7="AGENTE",'Semana 1'!$N7+0.007,IF(G7="REDES",'Semana 1'!$N7+0.007,IF(G7="AGENTE RM",'Semana 1'!$N7+0.007,IF(G7="AGENTE APERTURA",'Semana 1'!$N7+0.007,IF(G7="AGENTE CIERRE",'Semana 1'!$N7+0.007," - "))))) -> 15:40 | P7: =(IFERROR(I7-H7,0)*24)-1 -> 8.0 | Q7: 0.41666667 | R7: =IF(Q7=0,"",Q7+0.209) -> 15:00 | U7: 0.4375 | V7: =IF(U7=0,"",U7+0.021) -> 11:00 | Y7: =(IFERROR(R7-Q7,0)*24) -> 5.0 | Z7: =$P7 -> 8.0 | AA7: =$P7 -> 8.0 | AB7: =$P7 -> 8.0 | AC7: =$P7 -> 8.0 | AD7: =P7+Z7+AA7+AB7+AC7+Y7 -> 45
B8: 3 | C8: No | E8: =Personal!G8 -> - | F8: Semana 1 | G8: =Personal!H8 -> - | I8: =IF(H8=0," ",IF(Q8=0,(H8+0.417),(H8+0.3756))) | K8: =IF(G8="AGENTE",'Semana 1'!$J8+0.042,IF(G8="REDES",'Semana 1'!$J8+0.042,IF(G8="AGENTE RM",'Semana 1'!$J8+0.042,IF(G8="AGENTE APERTURA",'Semana 1'!$J8+0.021,IF(G8="AGENTE CIERRE",'Semana 1'!$J8+0.021," - "))))) -> - | M8: =IF(G8="AGENTE",'Semana 1'!$L8+0.014,IF(G8="REDES",'Semana 1'!$L8+0.014,IF(G8="AGENTE RM",'Semana 1'!$L8+0.014,IF(G8="AGENTE APERTURA",'Semana 1'!$L8+0.014,IF(G8="AGENTE CIERRE",'Semana 1'!$L8+0.014," - "))))) -> - | O8: =IF(G8="AGENTE",'Semana 1'!$N8+0.007,IF(G8="REDES",'Semana 1'!$N8+0.007,IF(G8="AGENTE RM",'Semana 1'!$N8+0.007,IF(G8="AGENTE APERTURA",'Semana 1'!$N8+0.007,IF(G8="AGENTE CIERRE",'Semana 1'!$N8+0.007," - "))))) -> - | P8: =(IFERROR(I8-H8,0)*24)-1 -> -1.0 | V8: =IF(U8=0,"",U8+0.021) | Y8: =(IFERROR(R8-Q8,0)*24) -> 0.0 | Z8: =$P8 -> -1.0 | AA8: =$P8 -> -1.0 | AB8: =$P8 -> -1.0 | AC8: =$P8 -> -1.0 | AD8: =P8+Z8+AA8+AB8+AC8+Y8 -> -5
B9: 4 | C9: Si | E9: =Personal!G9 -> Daisy Yomara Mateo | F9: Semana 1 | G9: =Personal!H9 -> SOPORTE | I9: =IF(H9=0," ",IF(Q9=0,(H9+0.417),(H9+0.3756))) | K9: =IF(G9="AGENTE",'Semana 1'!$J9+0.042,IF(G9="REDES",'Semana 1'!$J9+0.042,IF(G9="AGENTE RM",'Semana 1'!$J9+0.042,IF(G9="AGENTE APERTURA",'Semana 1'!$J9+0.021,IF(G9="AGENTE CIERRE",'Semana 1'!$J9+0.021," - "))))) -> - | M9: =IF(G9="AGENTE",'Semana 1'!$L9+0.014,IF(G9="REDES",'Semana 1'!$L9+0.014,IF(G9="AGENTE RM",'Semana 1'!$L9+0.014,IF(G9="AGENTE APERTURA",'Semana 1'!$L9+0.014,IF(G9="AGENTE CIERRE",'Semana 1'!$L9+0.014," - "))))) -> - | O9: =IF(G9="AGENTE",'Semana 1'!$N9+0.007,IF(G9="REDES",'Semana 1'!$N9+0.007,IF(G9="AGENTE RM",'Semana 1'!$N9+0.007,IF(G9="AGENTE APERTURA",'Semana 1'!$N9+0.007,IF(G9="AGENTE CIERRE",'Semana 1'!$N9+0.007," - "))))) -> - | P9: =(IFERROR(I9-H9,0)*24)-1 -> -1.0 | R9: =IF(Q9=0,"",Q9+0.209) | V9: =IF(U9=0,"",U9+0.021) | Y9: =(IFERROR(R9-Q9,0)*24) -> 0.0 | Z9: =$P9 -> -1.0 | AA9: =$P9 -> -1.0 | AB9: =$P9 -> -1.0 | AC9: =$P9 -> -1.0 | AD9: =P9+Z9+AA9+AB9+AC9+Y9 -> -5
B10: 5 | C10: Si | E10: =Personal!G10 -> Carlo Giordiano Caballero Morales | F10: Semana 1 | G10: =Personal!H10 -> REDES | H10: 0.29166667 | I10: =IF(H10=0," ",IF(Q10=0,(H10+0.417),(H10+0.3756))) -> 16:00 | J10: 0.54166667 | K10: =IF(G10="AGENTE",'Semana 1'!$J10+0.042,IF(G10="REDES",'Semana 1'!$J10+0.042,IF(G10="AGENTE RM",'Semana 1'!$J10+0.042,IF(G10="AGENTE APERTURA",'Semana 1'!$J10+0.021,IF(G10="AGENTE CIERRE",'Semana 1'!$J10+0.021," - "))))) -> 14:00 | L10: 0.36111111 | M10: =IF(G10="AGENTE",'Semana 1'!$L10+0.014,IF(G10="REDES",'Semana 1'!$L10+0.014,IF(G10="AGENTE RM",'Semana 1'!$L10+0.014,IF(G10="AGENTE APERTURA",'Semana 1'!$L10+0.014,IF(G10="AGENTE CIERRE",'Semana 1'!$L10+0.014," - "))))) -> 9:00 | N10: 0.59722222 | O10: =IF(G10="AGENTE",'Semana 1'!$N10+0.007,IF(G10="REDES",'Semana 1'!$N10+0.007,IF(G10="AGENTE RM",'Semana 1'!$N10+0.007,IF(G10="AGENTE APERTURA",'Semana 1'!$N10+0.007,IF(G10="AGENTE CIERRE",'Semana 1'!$N10+0.007," - "))))) -> 14:30 | P10: =(IFERROR(I10-H10,0)*24)-1 -> 8.0 | Q10: 0.35416667 | R10: =IF(Q10=0,"",Q10+0.209) -> 13:30 | U10: 0.375 | V10: =IF(U10=0,"",U10+0.021) -> 9:30 | Y10: =(IFERROR(R10-Q10,0)*24) -> 5.0 | Z10: =$P10 -> 8.0 | AA10: =$P10 -> 8.0 | AB10: =$P10 -> 8.0 | AC10: =$P10 -> 8.0 | AD10: =P10+Z10+AA10+AB10+AC10+Y10 -> 45
B11: 6 | C11: Si | E11: =Personal!G11 -> Ani Rubi Lucero Gonzalez | F11: Semana 1 | G11: =Personal!H11 -> SOPORTE | I11: =IF(H11=0," ",IF(Q11=0,(H11+0.417),(H11+0.3756))) | K11: =IF(G11="AGENTE",'Semana 1'!$J11+0.042,IF(G11="REDES",'Semana 1'!$J11+0.042,IF(G11="AGENTE RM",'Semana 1'!$J11+0.042,IF(G11="AGENTE APERTURA",'Semana 1'!$J11+0.021,IF(G11="AGENTE CIERRE",'Semana 1'!$J11+0.021," - "))))) -> - | M11: =IF(G11="AGENTE",'Semana 1'!$L11+0.014,IF(G11="REDES",'Semana 1'!$L11+0.014,IF(G11="AGENTE RM",'Semana 1'!$L11+0.014,IF(G11="AGENTE APERTURA",'Semana 1'!$L11+0.014,IF(G11="AGENTE CIERRE",'Semana 1'!$L11+0.014," - "))))) -> - | O11: =IF(G11="AGENTE",'Semana 1'!$N11+0.007,IF(G11="REDES",'Semana 1'!$N11+0.007,IF(G11="AGENTE RM",'Semana 1'!$N11+0.007,IF(G11="AGENTE APERTURA",'Semana 1'!$N11+0.007,IF(G11="AGENTE CIERRE",'Semana 1'!$N11+0.007," - "))))) -> - | P11: =(IFERROR(I11-H11,0)*24)-1 -> -1.0 | R11: =IF(Q11=0,"",Q11+0.209) | Y11: =(IFERROR(R11-Q11,0)*24) -> 0.0 | Z11: =$P11 -> -1.0 | AA11: =$P11 -> -1.0 | AB11: =$P11 -> -1.0 | AC11: =$P11 -> -1.0 | AD11: =P11+Z11+AA11+AB11+AC11+Y11 -> -5
B12: 7 | C12: Si | E12: =Personal!G12 -> Hilda Sofia Gonzalez De León | F12: Semana 1 | G12: =Personal!H12 -> REDES | H12: 0.375 | I12: =IF(H12=0," ",IF(Q12=0,(H12+0.417),(H12+0.3756))) -> 18:00 | J12: 0.5 | K12: =IF(G12="AGENTE",'Semana 1'!$J12+0.042,IF(G12="REDES",'Semana 1'!$J12+0.042,IF(G12="AGENTE RM",'Semana 1'!$J12+0.042,IF(G12="AGENTE APERTURA",'Semana 1'!$J12+0.021,IF(G12="AGENTE CIERRE",'Semana 1'!$J12+0.021," - "))))) -> 13:00 | L12: 0.43055556 | M12: =IF(G12="AGENTE",'Semana 1'!$L12+0.014,IF(G12="REDES",'Semana 1'!$L12+0.014,IF(G12="AGENTE RM",'Semana 1'!$L12+0.014,IF(G12="AGENTE APERTURA",'Semana 1'!$L12+0.014,IF(G12="AGENTE CIERRE",'Semana 1'!$L12+0.014," - "))))) -> 10:40 | N12: 0.65277778 | O12: =IF(G12="AGENTE",'Semana 1'!$N12+0.007,IF(G12="REDES",'Semana 1'!$N12+0.007,IF(G12="AGENTE RM",'Semana 1'!$N12+0.007,IF(G12="AGENTE APERTURA",'Semana 1'!$N12+0.007,IF(G12="AGENTE CIERRE",'Semana 1'!$N12+0.007," - "))))) -> 15:50 | P12: =(IFERROR(I12-H12,0)*24)-1 -> 8.0 | Q12: 0.375 | R12: =IF(Q12=0,"",Q12+0.209) -> 14:00 | U12: 0.39583333 | V12: =IF(U12=0,"",U12+0.021) -> 10:00 | Y12: =(IFERROR(R12-Q12,0)*24) -> 5.0 | Z12: =$P12 -> 8.0 | AA12: =$P12 -> 8.0 | AB12: =$P12 -> 8.0 | AC12: =$P12 -> 8.0 | AD12: =P12+Z12+AA12+AB12+AC12+Y12 -> 45
B13: 8 | C13: No | E13: =Personal!G13 -> - | F13: Semana 1 | G13: =Personal!H13 -> - | I13: =IF(H13=0," ",IF(Q13=0,(H13+0.417),(H13+0.3756))) | K13: =IF(G13="AGENTE",'Semana 1'!$J13+0.042,IF(G13="REDES",'Semana 1'!$J13+0.042,IF(G13="AGENTE RM",'Semana 1'!$J13+0.042,IF(G13="AGENTE APERTURA",'Semana 1'!$J13+0.021,IF(G13="AGENTE CIERRE",'Semana 1'!$J13+0.021," - "))))) -> - | M13: =IF(G13="AGENTE",'Semana 1'!$L13+0.014,IF(G13="REDES",'Semana 1'!$L13+0.014,IF(G13="AGENTE RM",'Semana 1'!$L13+0.014,IF(G13="AGENTE APERTURA",'Semana 1'!$L13+0.014,IF(G13="AGENTE CIERRE",'Semana 1'!$L13+0.014," - "))))) -> - | O13: =IF(G13="AGENTE",'Semana 1'!$N13+0.007,IF(G13="REDES",'Semana 1'!$N13+0.007,IF(G13="AGENTE RM",'Semana 1'!$N13+0.007,IF(G13="AGENTE APERTURA",'Semana 1'!$N13+0.007,IF(G13="AGENTE CIERRE",'Semana 1'!$N13+0.007," - "))))) -> - | P13: =(IFERROR(I13-H13,0)*24)-1 -> -1.0 | R13: =IF(Q13=0,"",Q13+0.209) | V13: =IF(U13=0,"",U13+0.021) | Y13: =(IFERROR(R13-Q13,0)*24) -> 0.0 | Z13: =$P13 -> -1.0 | AA13: =$P13 -> -1.0 | AB13: =$P13 -> -1.0 | AC13: =$P13 -> -1.0 | AD13: =P13+Z13+AA13+AB13+AC13+Y13 -> -5
B14: 9 | C14: Si | E14: =Personal!G14 -> Jorge Israel Reyes Valencia | F14: Semana 1 | G14: =Personal!H14 -> SOPORTE | I14: =IF(H14=0," ",IF(Q14=0,(H14+0.417),(H14+0.3756))) | K14: =IF(G14="AGENTE",'Semana 1'!$J14+0.042,IF(G14="REDES",'Semana 1'!$J14+0.042,IF(G14="AGENTE RM",'Semana 1'!$J14+0.042,IF(G14="AGENTE APERTURA",'Semana 1'!$J14+0.021,IF(G14="AGENTE CIERRE",'Semana 1'!$J14+0.021," - "))))) -> - | M14: =IF(G14="AGENTE",'Semana 1'!$L14+0.014,IF(G14="REDES",'Semana 1'!$L14+0.014,IF(G14="AGENTE RM",'Semana 1'!$L14+0.014,IF(G14="AGENTE APERTURA",'Semana 1'!$L14+0.014,IF(G14="AGENTE CIERRE",'Semana 1'!$L14+0.014," - "))))) -> - | O14: =IF(G14="AGENTE",'Semana 1'!$N14+0.007,IF(G14="REDES",'Semana 1'!$N14+0.007,IF(G14="AGENTE RM",'Semana 1'!$N14+0.007,IF(G14="AGENTE APERTURA",'Semana 1'!$N14+0.007,IF(G14="AGENTE CIERRE",'Semana 1'!$N14+0.007," - "))))) -> - | P14: =(IFERROR(I14-H14,0)*24)-1 -> -1.0 | R14: =IF(Q14=0,"",Q14+0.209) | T14: =IF(S14=0,"",S14+0.021) | V14: =IF(U14=0,"",U14+0.01) | X14: =IF(W14=0,"",W14+0.01) | Y14: =(IFERROR(R14-Q14,0)*24) -> 0.0 | Z14: =$P14 -> -1.0 | AA14: =$P14 -> -1.0 | AB14: =$P14 -> -1.0 | AC14: =$P14 -> -1.0 | AD14: =P14+Z14+AA14+AB14+AC14+Y14 -> -5
B15: 10 | C15: Si | E15: =Personal!G15 -> Marcos Geovanny Coronado Giron | F15: Semana 1 | G15: =Personal!H15 -> SOPORTE | I15: =IF(H15=0," ",IF(Q15=0,(H15+0.417),(H15+0.3756))) | K15: =IF(G15="AGENTE",'Semana 1'!$J15+0.042,IF(G15="REDES",'Semana 1'!$J15+0.042,IF(G15="AGENTE RM",'Semana 1'!$J15+0.042,IF(G15="AGENTE APERTURA",'Semana 1'!$J15+0.021,IF(G15="AGENTE CIERRE",'Semana 1'!$J15+0.021," - "))))) -> - | M15: =IF(G15="AGENTE",'Semana 1'!$L15+0.014,IF(G15="REDES",'Semana 1'!$L15+0.014,IF(G15="AGENTE RM",'Semana 1'!$L15+0.014,IF(G15="AGENTE APERTURA",'Semana 1'!$L15+0.014,IF(G15="AGENTE CIERRE",'Semana 1'!$L15+0.014," - "))))) -> - | O15: =IF(G15="AGENTE",'Semana 1'!$N15+0.007,IF(G15="REDES",'Semana 1'!$N15+0.007,IF(G15="AGENTE RM",'Semana 1'!$N15+0.007,IF(G15="AGENTE APERTURA",'Semana 1'!$N15+0.007,IF(G15="AGENTE CIERRE",'Semana 1'!$N15+0.007," - "))))) -> - | P15: =(IFERROR(I15-H15,0)*24)-1 -> -1.0 | R15: =IF(Q15=0,"",Q15+0.209) | Y15: =(IFERROR(R15-Q15,0)*24) -> 0.0 | Z15: =$P15 -> -1.0 | AA15: =$P15 -> -1.0 | AB15: =$P15 -> -1.0 | AC15: =$P15 -> -1.0 | AD15: =P15+Z15+AA15+AB15+AC15+Y15 -> -5
B16: 11 | C16: Si | E16: =Personal!G16 -> Anyely Eunice Florian Florian | F16: Semana 1 | G16: =Personal!H16 -> SOPORTE | I16: =IF(H16=0," ",IF(Q16=0,(H16+0.417),(H16+0.3756))) | K16: =IF(G16="AGENTE",'Semana 1'!$J16+0.042,IF(G16="REDES",'Semana 1'!$J16+0.042,IF(G16="AGENTE RM",'Semana 1'!$J16+0.042,IF(G16="AGENTE APERTURA",'Semana 1'!$J16+0.021,IF(G16="AGENTE CIERRE",'Semana 1'!$J16+0.021," - "))))) -> - | M16: =IF(G16="AGENTE",'Semana 1'!$L16+0.014,IF(G16="REDES",'Semana 1'!$L16+0.014,IF(G16="AGENTE RM",'Semana 1'!$L16+0.014,IF(G16="AGENTE APERTURA",'Semana 1'!$L16+0.014,IF(G16="AGENTE CIERRE",'Semana 1'!$L16+0.014," - "))))) -> - | O16: =IF(G16="AGENTE",'Semana 1'!$N16+0.007,IF(G16="REDES",'Semana 1'!$N16+0.007,IF(G16="AGENTE RM",'Semana 1'!$N16+0.007,IF(G16="AGENTE APERTURA",'Semana 1'!$N16+0.007,IF(G16="AGENTE CIERRE",'Semana 1'!$N16+0.007," - "))))) -> - | P16: =(IFERROR(I16-H16,0)*24)-1 -> -1.0 | R16: =IF(Q16=0,"",Q16+0.209) | V16: =IF(U16=0,"",U16+0.021) | X16: =IF(W16=0,"",W16+0.021) | Y16: =(IFERROR(R16-Q16,0)*24) -> 0.0 | Z16: =$P16 -> -1.0 | AA16: =$P16 -> -1.0 | AB16: =$P16 -> -1.0 | AC16: =$P16 -> -1.0 | AD16: =P16+Z16+AA16+AB16+AC16+Y16 -> -5
B17: 12 | C17: Si | E17: =Personal!G17 -> Jennifer Alicia Boror Rodriguez | F17: Semana 1 | G17: =Personal!H17 -> REDES | H17: 0.27083333 | I17: =IF(H17=0," ",IF(Q17=0,(H17+0.417),(H17+0.3756))) -> 15:30 | J17: 0.54166667 | K17: =IF(G17="AGENTE",'Semana 1'!$J17+0.042,IF(G17="REDES",'Semana 1'!$J17+0.042,IF(G17="AGENTE RM",'Semana 1'!$J17+0.042,IF(G17="AGENTE APERTURA",'Semana 1'!$J17+0.021,IF(G17="AGENTE CIERRE",'Semana 1'!$J17+0.021," - "))))) -> 14:00 | L17: 0.34722222 | M17: =IF(G17="AGENTE",'Semana 1'!$L17+0.014,IF(G17="REDES",'Semana 1'!$L17+0.014,IF(G17="AGENTE RM",'Semana 1'!$L17+0.014,IF(G17="AGENTE APERTURA",'Semana 1'!$L17+0.014,IF(G17="AGENTE CIERRE",'Semana 1'!$L17+0.014," - "))))) -> 8:40 | N17: 0.59027778 | O17: =IF(G17="AGENTE",'Semana 1'!$N17+0.007,IF(G17="REDES",'Semana 1'!$N17+0.007,IF(G17="AGENTE RM",'Semana 1'!$N17+0.007,IF(G17="AGENTE APERTURA",'Semana 1'!$N17+0.007,IF(G17="AGENTE CIERRE",'Semana 1'!$N17+0.007," - "))))) -> 14:20 | P17: =(IFERROR(I17-H17,0)*24)-1 -> 8.0 | Q17: 0.27083333 | R17: =IF(Q17=0,"",Q17+0.209) -> 11:30 | U17: 0.3125 | V17: =IF(U17=0,"",U17+0.021) -> 8:00 | Y17: =(IFERROR(R17-Q17,0)*24) -> 5.0 | Z17: =$P17 -> 8.0 | AA17: =$P17 -> 8.0 | AB17: =$P17 -> 8.0 | AC17: =$P17 -> 8.0 | AD17: =P17+Z17+AA17+AB17+AC17+Y17 -> 45
B18: 13 | C18: No | E18: =Personal!G18 -> - | F18: Semana 1 | G18: =Personal!H18 -> - | I18: =IF(H18=0," ",IF(Q18=0,(H18+0.417),(H18+0.3756))) | K18: =IF(G18="AGENTE",'Semana 1'!$J18+0.042,IF(G18="REDES",'Semana 1'!$J18+0.042,IF(G18="AGENTE RM",'Semana 1'!$J18+0.042,IF(G18="AGENTE APERTURA",'Semana 1'!$J18+0.021,IF(G18="AGENTE CIERRE",'Semana 1'!$J18+0.021," - "))))) -> - | M18: =IF(G18="AGENTE",'Semana 1'!$L18+0.014,IF(G18="REDES",'Semana 1'!$L18+0.014,IF(G18="AGENTE RM",'Semana 1'!$L18+0.014,IF(G18="AGENTE APERTURA",'Semana 1'!$L18+0.014,IF(G18="AGENTE CIERRE",'Semana 1'!$L18+0.014," - "))))) -> - | O18: =IF(G18="AGENTE",'Semana 1'!$N18+0.007,IF(G18="REDES",'Semana 1'!$N18+0.007,IF(G18="AGENTE RM",'Semana 1'!$N18+0.007,IF(G18="AGENTE APERTURA",'Semana 1'!$N18+0.007,IF(G18="AGENTE CIERRE",'Semana 1'!$N18+0.007," - "))))) -> - | P18: =(IFERROR(I18-H18,0)*24)-1 -> -1.0 | R18: =IF(Q18=0,"",Q18+0.209) | V18: =IF(U18=0,"",U18+0.021) | Y18: =(IFERROR(R18-Q18,0)*24) -> 0.0 | Z18: =$P18 -> -1.0 | AA18: =$P18 -> -1.0 | AB18: =$P18 -> -1.0 | AC18: =$P18 -> -1.0 | AD18: =P18+Z18+AA18+AB18+AC18+Y18 -> -5
B19: 14 | C19: Si | E19: =Personal!G19 -> Juan José Puluc Chaicoj | F19: Semana 1 | G19: =Personal!H19 -> SOPORTE | I19: =IF(H19=0," ",IF(Q19=0,(H19+0.417),(H19+0.3756))) | K19: =IF(G19="AGENTE",'Semana 1'!$J19+0.042,IF(G19="REDES",'Semana 1'!$J19+0.042,IF(G19="AGENTE RM",'Semana 1'!$J19+0.042,IF(G19="AGENTE APERTURA",'Semana 1'!$J19+0.021,IF(G19="AGENTE CIERRE",'Semana 1'!$J19+0.021," - "))))) -> - | M19: =IF(G19="AGENTE",'Semana 1'!$L19+0.014,IF(G19="REDES",'Semana 1'!$L19+0.014,IF(G19="AGENTE RM",'Semana 1'!$L19+0.014,IF(G19="AGENTE APERTURA",'Semana 1'!$L19+0.014,IF(G19="AGENTE CIERRE",'Semana 1'!$L19+0.014," - "))))) -> - | O19: =IF(G19="AGENTE",'Semana 1'!$N19+0.007,IF(G19="REDES",'Semana 1'!$N19+0.007,IF(G19="AGENTE RM",'Semana 1'!$N19+0.007,IF(G19="AGENTE APERTURA",'Semana 1'!$N19+0.007,IF(G19="AGENTE CIERRE",'Semana 1'!$N19+0.007," - "))))) -> - | P19: =(IFERROR(I19-H19,0)*24)-1 -> -1.0 | R19: =IF(Q19=0,"",Q19+0.209) | Y19: =(IFERROR(R19-Q19,0)*24) -> 0.0 | Z19: =$P19 -> -1.0 | AA19: =$P19 -> -1.0 | AB19: =$P19 -> -1.0 | AC19: =$P19 -> -1.0 | AD19: =P19+Z19+AA19+AB19+AC19+Y19 -> -5
B20: 15 | C20: Si | E20: =Personal!G20 -> Lydicen Anabelly Navarijo Padilla | F20: Semana 1 | G20: =Personal!H20 -> AGENTE RM | H20: 0.375 | I20: =IF(H20=0," ",IF(Q20=0,(H20+0.417),(H20+0.3756))) -> 18:00 | J20: 0.58333333 | K20: =IF(G20="AGENTE",'Semana 1'!$J20+0.042,IF(G20="REDES",'Semana 1'!$J20+0.042,IF(G20="AGENTE RM",'Semana 1'!$J20+0.042,IF(G20="AGENTE APERTURA",'Semana 1'!$J20+0.021,IF(G20="AGENTE CIERRE",'Semana 1'!$J20+0.021," - "))))) -> 15:00 | L20: 0.39583333 | M20: =IF(G20="AGENTE",'Semana 1'!$L20+0.014,IF(G20="REDES",'Semana 1'!$L20+0.014,IF(G20="AGENTE RM",'Semana 1'!$L20+0.014,IF(G20="AGENTE APERTURA",'Semana 1'!$L20+0.014,IF(G20="AGENTE CIERRE",'Semana 1'!$L20+0.014," - "))))) -> 9:50 | N20: 0.66666667 | O20: =IF(G20="AGENTE",'Semana 1'!$N20+0.007,IF(G20="REDES",'Semana 1'!$N20+0.007,IF(G20="AGENTE RM",'Semana 1'!$N20+0.007,IF(G20="AGENTE APERTURA",'Semana 1'!$N20+0.007,IF(G20="AGENTE CIERRE",'Semana 1'!$N20+0.007," - "))))) -> 16:10 | P20: =(IFERROR(I20-H20,0)*24)-1 -> 8.0 | Q20: 0.41666667 | R20: =IF(Q20=0,"",Q20+0.209) -> 15:00 | U20: 0.4375 | V20: =IF(U20=0,"",U20+0.021) -> 11:00 | Y20: =(IFERROR(R20-Q20,0)*24) -> 5.0 | Z20: =$P20 -> 8.0 | AA20: =$P20 -> 8.0 | AB20: =$P20 -> 8.0 | AC20: =$P20 -> 8.0 | AD20: =P20+Z20+AA20+AB20+AC20+Y20 -> 45
B21: 16 | C21: Si | E21: =Personal!G21 -> Cindy Melissa Aroche Ortiz | F21: Semana 1 | G21: =Personal!H21 -> CONTROL | I21: =IF(H21=0," ",IF(Q21=0,(H21+0.417),(H21+0.3756))) | K21: =IF(G21="AGENTE",'Semana 1'!$J21+0.042,IF(G21="REDES",'Semana 1'!$J21+0.042,IF(G21="AGENTE RM",'Semana 1'!$J21+0.042,IF(G21="AGENTE APERTURA",'Semana 1'!$J21+0.021,IF(G21="AGENTE CIERRE",'Semana 1'!$J21+0.021," - "))))) -> - | M21: =IF(G21="AGENTE",'Semana 1'!$L21+0.014,IF(G21="REDES",'Semana 1'!$L21+0.014,IF(G21="AGENTE RM",'Semana 1'!$L21+0.014,IF(G21="AGENTE APERTURA",'Semana 1'!$L21+0.014,IF(G21="AGENTE CIERRE",'Semana 1'!$L21+0.014," - "))))) -> - | O21: =IF(G21="AGENTE",'Semana 1'!$N21+0.007,IF(G21="REDES",'Semana 1'!$N21+0.007,IF(G21="AGENTE RM",'Semana 1'!$N21+0.007,IF(G21="AGENTE APERTURA",'Semana 1'!$N21+0.007,IF(G21="AGENTE CIERRE",'Semana 1'!$N21+0.007," - "))))) -> - | P21: =(IFERROR(I21-H21,0)*24)-1 -> -1.0 | R21: =IF(Q21=0,"",Q21+0.209) | V21: =IF(U21=0,"",U21+0.021) | Y21: =(IFERROR(R21-Q21,0)*24) -> 0.0 | Z21: =$P21 -> -1.0 | AA21: =$P21 -> -1.0 | AB21: =$P21 -> -1.0 | AC21: =$P21 -> -1.0 | AD21: =P21+Z21+AA21+AB21+AC21+Y21 -> -5
B22: 17 | C22: Si | E22: =Personal!G22 -> Katherin Gabriela Monzon Vivar | F22: Semana 1 | G22: =Personal!H22 -> AGENTE | H22: 0.33333333 | I22: =IF(H22=0," ",IF(Q22=0,(H22+0.417),(H22+0.3756))) -> 17:00 | J22: 0.5625 | K22: =IF(G22="AGENTE",'Semana 1'!$J22+0.042,IF(G22="REDES",'Semana 1'!$J22+0.042,IF(G22="AGENTE RM",'Semana 1'!$J22+0.042,IF(G22="AGENTE APERTURA",'Semana 1'!$J22+0.021,IF(G22="AGENTE CIERRE",'Semana 1'!$J22+0.021," - "))))) -> 14:30 | L22: 0.38541667 | M22: =IF(G22="AGENTE",'Semana 1'!$L22+0.014,IF(G22="REDES",'Semana 1'!$L22+0.014,IF(G22="AGENTE RM",'Semana 1'!$L22+0.014,IF(G22="AGENTE APERTURA",'Semana 1'!$L22+0.014,IF(G22="AGENTE CIERRE",'Semana 1'!$L22+0.014," - "))))) -> 9:35 | N22: 0.69791667 | O22: =IF(G22="AGENTE",'Semana 1'!$N22+0.007,IF(G22="REDES",'Semana 1'!$N22+0.007,IF(G22="AGENTE RM",'Semana 1'!$N22+0.007,IF(G22="AGENTE APERTURA",'Semana 1'!$N22+0.007,IF(G22="AGENTE CIERRE",'Semana 1'!$N22+0.007," - "))))) -> 16:55 | P22: =(IFERROR(I22-H22,0)*24)-1 -> 8.0 | Q22: 0.33333333 | R22: =IF(Q22=0,"",Q22+0.209) -> 13:00 | U22: 0.35416667 | V22: =IF(U22=0,"",U22+0.021) -> 9:00 | Y22: =(IFERROR(R22-Q22,0)*24) -> 5.0 | Z22: =$P22 -> 8.0 | AA22: =$P22 -> 8.0 | AB22: =$P22 -> 8.0 | AC22: =$P22 -> 8.0 | AD22: =P22+Z22+AA22+AB22+AC22+Y22 -> 45
B23: 18 | C23: Si | E23: =Personal!G23 -> Velvet Esmeralda Quiroz Godinez | F23: Semana 1 | G23: =Personal!H23 -> AGENTE RM | H23: 0.3125 | I23: =IF(H23=0," ",IF(Q23=0,(H23+0.417),(H23+0.3756))) -> 16:30 | J23: 0.54166667 | K23: =IF(G23="AGENTE",'Semana 1'!$J23+0.042,IF(G23="REDES",'Semana 1'!$J23+0.042,IF(G23="AGENTE RM",'Semana 1'!$J23+0.042,IF(G23="AGENTE APERTURA",'Semana 1'!$J23+0.021,IF(G23="AGENTE CIERRE",'Semana 1'!$J23+0.021," - "))))) -> 14:00 | L23: 0.34722222 | M23: =IF(G23="AGENTE",'Semana 1'!$L23+0.014,IF(G23="REDES",'Semana 1'!$L23+0.014,IF(G23="AGENTE RM",'Semana 1'!$L23+0.014,IF(G23="AGENTE APERTURA",'Semana 1'!$L23+0.014,IF(G23="AGENTE CIERRE",'Semana 1'!$L23+0.014," - "))))) -> 8:40 | N23: 0.60416667 | O23: =IF(G23="AGENTE",'Semana 1'!$N23+0.007,IF(G23="REDES",'Semana 1'!$N23+0.007,IF(G23="AGENTE RM",'Semana 1'!$N23+0.007,IF(G23="AGENTE APERTURA",'Semana 1'!$N23+0.007,IF(G23="AGENTE CIERRE",'Semana 1'!$N23+0.007," - "))))) -> 14:40 | P23: =(IFERROR(I23-H23,0)*24)-1 -> 8.0 | Q23: 0.375 | R23: =IF(Q23=0,"",Q23+0.209) -> 14:00 | T23: =IF(S23=0,"",S23+0.041) | U23: 0.41666667 | V23: =IF(U23=0,"",U23+0.021) -> 10:30 | X23: =IF(W23=0,"",W23+0.01) | Y23: =(IFERROR(R23-Q23,0)*24) -> 5.0 | Z23: =$P23 -> 8.0 | AA23: =$P23 -> 8.0 | AB23: =$P23 -> 8.0 | AC23: =$P23 -> 8.0 | AD23: =P23+Z23+AA23+AB23+AC23+Y23 -> 45
B24: 19 | C24: Si | E24: =Personal!G24 -> Marcela Alessandra López Melgar | F24: Semana 1 | G24: =Personal!H24 -> REDES | H24: 0.27083333 | I24: =IF(H24=0," ",IF(Q24=0,(H24+0.417),(H24+0.3756))) -> 15:30 | J24: 0.54166667 | K24: =IF(G24="AGENTE",'Semana 1'!$J24+0.042,IF(G24="REDES",'Semana 1'!$J24+0.042,IF(G24="AGENTE RM",'Semana 1'!$J24+0.042,IF(G24="AGENTE APERTURA",'Semana 1'!$J24+0.021,IF(G24="AGENTE CIERRE",'Semana 1'!$J24+0.021," - "))))) -> 14:00 | L24: 0.33333333 | M24: =IF(G24="AGENTE",'Semana 1'!$L24+0.014,IF(G24="REDES",'Semana 1'!$L24+0.014,IF(G24="AGENTE RM",'Semana 1'!$L24+0.014,IF(G24="AGENTE APERTURA",'Semana 1'!$L24+0.014,IF(G24="AGENTE CIERRE",'Semana 1'!$L24+0.014," - "))))) -> 8:20 | N24: 0.58333333 | O24: =IF(G24="AGENTE",'Semana 1'!$N24+0.007,IF(G24="REDES",'Semana 1'!$N24+0.007,IF(G24="AGENTE RM",'Semana 1'!$N24+0.007,IF(G24="AGENTE APERTURA",'Semana 1'!$N24+0.007,IF(G24="AGENTE CIERRE",'Semana 1'!$N24+0.007," - "))))) -> 14:10 | P24: =(IFERROR(I24-H24,0)*24)-1 -> 8.0 | Q24: 0.27083333 | R24: =IF(Q24=0,"",Q24+0.209) -> 11:30 | U24: 0.3125 | V24: =IF(U24=0,"",U24+0.021) -> 8:00 | Y24: =(IFERROR(R24-Q24,0)*24) -> 5.0 | Z24: =$P24 -> 8.0 | AA24: =$P24 -> 8.0 | AB24: =$P24 -> 8.0 | AC24: =$P24 -> 8.0 | AD24: =P24+Z24+AA24+AB24+AC24+Y24 -> 45
B25: 20 | C25: Si | E25: =Personal!G25 -> Ana Marilú González de la Cruz | F25: Semana 1 | G25: =Personal!H25 -> SOPORTE | I25: =IF(H25=0," ",IF(Q25=0,(H25+0.417),(H25+0.3756))) | K25: =IF(G25="AGENTE",'Semana 1'!$J25+0.042,IF(G25="REDES",'Semana 1'!$J25+0.042,IF(G25="AGENTE RM",'Semana 1'!$J25+0.042,IF(G25="AGENTE APERTURA",'Semana 1'!$J25+0.021,IF(G25="AGENTE CIERRE",'Semana 1'!$J25+0.021," - "))))) -> - | M25: =IF(G25="AGENTE",'Semana 1'!$L25+0.014,IF(G25="REDES",'Semana 1'!$L25+0.014,IF(G25="AGENTE RM",'Semana 1'!$L25+0.014,IF(G25="AGENTE APERTURA",'Semana 1'!$L25+0.014,IF(G25="AGENTE CIERRE",'Semana 1'!$L25+0.014," - "))))) -> - | O25: =IF(G25="AGENTE",'Semana 1'!$N25+0.007,IF(G25="REDES",'Semana 1'!$N25+0.007,IF(G25="AGENTE RM",'Semana 1'!$N25+0.007,IF(G25="AGENTE APERTURA",'Semana 1'!$N25+0.007,IF(G25="AGENTE CIERRE",'Semana 1'!$N25+0.007," - "))))) -> - | P25: =(IFERROR(I25-H25,0)*24)-1 -> -1.0 | R25: =IF(Q25=0,"",Q25+0.209) | V25: =IF(U25=0,"",U25+0.021) | Y25: =(IFERROR(R25-Q25,0)*24) -> 0.0 | Z25: =$P25 -> -1.0 | AA25: =$P25 -> -1.0 | AB25: =$P25 -> -1.0 | AC25: =$P25 -> -1.0 | AD25: =P25+Z25+AA25+AB25+AC25+Y25 -> -5
B26: 21 | C26: Si | E26: =Personal!G26 -> Ingrid Rebeca Santizo Lopez | F26: Semana 1 | G26: =Personal!H26 -> AGENTE APERTURA | H26: 0 | I26: 0.29166667 | J26: 0.125 | K26: =IF(G26="AGENTE",'Semana 1'!$J26+0.042,IF(G26="REDES",'Semana 1'!$J26+0.042,IF(G26="AGENTE RM",'Semana 1'!$J26+0.042,IF(G26="AGENTE APERTURA",'Semana 1'!$J26+0.021,IF(G26="AGENTE CIERRE",'Semana 1'!$J26+0.021," - "))))) -> 3:30 | L26: 0.14583333 | M26: =IF(G26="AGENTE",'Semana 1'!$L26+0.014,IF(G26="REDES",'Semana 1'!$L26+0.014,IF(G26="AGENTE RM",'Semana 1'!$L26+0.014,IF(G26="AGENTE APERTURA",'Semana 1'!$L26+0.014,IF(G26="AGENTE CIERRE",'Semana 1'!$L26+0.014," - "))))) -> 3:50 | N26: 0.15972222 | O26: =IF(G26="AGENTE",'Semana 1'!$N26+0.007,IF(G26="REDES",'Semana 1'!$N26+0.007,IF(G26="AGENTE RM",'Semana 1'!$N26+0.007,IF(G26="AGENTE APERTURA",'Semana 1'!$N26+0.007,IF(G26="AGENTE CIERRE",'Semana 1'!$N26+0.007," - "))))) -> 4:00 | P26: =(IFERROR(I26-H26,0)*24)-1 -> 6.0 | Q26: 0 | R26: 0.29166667 | S26: 0.125 | T26: =IF(G26="AGENTE",'Semana 1'!$S26+0.042,IF(G26="REDES",'Semana 1'!$S26+0.042,IF(G26="AGENTE RM",'Semana 1'!$S26+0.042,IF(G26="AGENTE APERTURA",'Semana 1'!$S26+0.021,IF(G26="AGENTE CIERRE",'Semana 1'!$S26+0.021," - "))))) -> 3:30 | U26: 0.14583333 | V26: =IF(G26="AGENTE",'Semana 1'!$U26+0.014,IF(G26="REDES",'Semana 1'!$U26+0.014,IF(G26="AGENTE RM",'Semana 1'!$U26+0.014,IF(G26="AGENTE APERTURA",'Semana 1'!$U26+0.014,IF(G26="AGENTE CIERRE",'Semana 1'!$U26+0.014," - "))))) -> 3:50 | W26: 0.15972222 | X26: =IF(G26="AGENTE",'Semana 1'!$W26+0.007,IF(G26="REDES",'Semana 1'!$W26+0.007,IF(G26="AGENTE RM",'Semana 1'!$W26+0.007,IF(G26="AGENTE APERTURA",'Semana 1'!$W26+0.007,IF(G26="AGENTE CIERRE",'Semana 1'!$W26+0.007," - "))))) -> 4:00 | Y26: =(IFERROR(R26-Q26,0)*24)-1 -> 6.0 | Z26: =$P26 -> 6.0 | AA26: =$P26 -> 6.0 | AB26: =$P26 -> 6.0 | AC26: =$P26 -> 6.0 | AD26: =P26+Z26+AA26+AB26+AC26+Y26 -> 36
B27: 22 | C27: No | E27: =Personal!G27 -> - | F27: Semana 1 | G27: =Personal!H27 -> - | I27: =IF(H27=0," ",IF(Q27=0,(H27+0.417),(H27+0.292))) | K27: =IF(G27="AGENTE",'Semana 1'!$J27+0.042,IF(G27="REDES",'Semana 1'!$J27+0.042,IF(G27="AGENTE RM",'Semana 1'!$J27+0.042,IF(G27="AGENTE APERTURA",'Semana 1'!$J27+0.021,IF(G27="AGENTE CIERRE",'Semana 1'!$J27+0.021," - "))))) -> - | M27: =IF(G27="AGENTE",'Semana 1'!$L27+0.014,IF(G27="REDES",'Semana 1'!$L27+0.014,IF(G27="AGENTE RM",'Semana 1'!$L27+0.014,IF(G27="AGENTE APERTURA",'Semana 1'!$L27+0.014,IF(G27="AGENTE CIERRE",'Semana 1'!$L27+0.014," - "))))) -> - | O27: =IF(G27="AGENTE",'Semana 1'!$N27+0.007,IF(G27="REDES",'Semana 1'!$N27+0.007,IF(G27="AGENTE RM",'Semana 1'!$N27+0.007,IF(G27="AGENTE APERTURA",'Semana 1'!$N27+0.007,IF(G27="AGENTE CIERRE",'Semana 1'!$N27+0.007," - "))))) -> - | P27: =(IFERROR(I27-H27,0)*24)-1 -> -1.0 | R27: =IF(Q27=0," ",IF(Z27=0,(Q27+0.417),(Q27+0.292))) | T27: =IF(S27=0,"",S27+0.041) | V27: =IF(U27=0,"",U27+0.01) | X27: =IF(W27=0,"",W27+0.01) | Y27: =(IFERROR(R27-Q27,0)*24) -> 0.0 | Z27: =$P27 -> -1.0 | AA27: =$P27 -> -1.0 | AB27: =$P27 -> -1.0 | AC27: =$P27 -> -1.0 | AD27: =P27+Z27+AA27+AB27+AC27+Y27 -> -5
B28: 23 | C28: Si | E28: =Personal!G28 -> Byron Abdiel Santos Mejia | F28: Semana 1 | G28: =Personal!H28 -> AGENTE | H28: 0.375 | I28: =IF(H28=0," ",IF(Q28=0,(H28+0.417),(H28+0.3756))) -> 18:00 | J28: 0.625 | K28: =IF(G28="AGENTE",'Semana 1'!$J28+0.042,IF(G28="REDES",'Semana 1'!$J28+0.042,IF(G28="AGENTE RM",'Semana 1'!$J28+0.042,IF(G28="AGENTE APERTURA",'Semana 1'!$J28+0.021,IF(G28="AGENTE CIERRE",'Semana 1'!$J28+0.021," - "))))) -> 16:00 | L28: 0.29166667 | M28: =IF(G28="AGENTE",'Semana 1'!$L28+0.014,IF(G28="REDES",'Semana 1'!$L28+0.014,IF(G28="AGENTE RM",'Semana 1'!$L28+0.014,IF(G28="AGENTE APERTURA",'Semana 1'!$L28+0.014,IF(G28="AGENTE CIERRE",'Semana 1'!$L28+0.014," - "))))) -> 7:20 | N28: 0.71875 | O28: =IF(G28="AGENTE",'Semana 1'!$N28+0.007,IF(G28="REDES",'Semana 1'!$N28+0.007,IF(G28="AGENTE RM",'Semana 1'!$N28+0.007,IF(G28="AGENTE APERTURA",'Semana 1'!$N28+0.007,IF(G28="AGENTE CIERRE",'Semana 1'!$N28+0.007," - "))))) -> 17:25 | P28: =(IFERROR(I28-H28,0)*24)-1 -> 8.0 | Q28: 0.375 | R28: =IF(Q28=0,"",Q28+0.209) -> 14:00 | T28: =IF(S28=0,"",S28+0.041) | U28: 0.37708333 | V28: =IF(U28=0,"",U28+0.01) -> 9:17 | X28: =IF(W28=0,"",W28+0.01) | Y28: =(IFERROR(R28-Q28,0)*24) -> 5.0 | Z28: =$P28 -> 8.0 | AA28: =$P28 -> 8.0 | AB28: =$P28 -> 8.0 | AC28: =$P28 -> 8.0 | AD28: =P28+Z28+AA28+AB28+AC28+Y28 -> 45
B29: 24 | C29: Si | E29: =Personal!G29 -> Karen Lisbeth Vega Ramirez | F29: Semana 1 | G29: =Personal!H29 -> REDES | H29: 0.375 | I29: =IF(H29=0," ",IF(Q29=0,(H29+0.417),(H29+0.3756))) -> 18:00 | J29: 0.5 | K29: =IF(G29="AGENTE",'Semana 1'!$J29+0.042,IF(G29="REDES",'Semana 1'!$J29+0.042,IF(G29="AGENTE RM",'Semana 1'!$J29+0.042,IF(G29="AGENTE APERTURA",'Semana 1'!$J29+0.021,IF(G29="AGENTE CIERRE",'Semana 1'!$J29+0.021," - "))))) -> 13:00 | L29: 0.45833333 | M29: =IF(G29="AGENTE",'Semana 1'!$L29+0.014,IF(G29="REDES",'Semana 1'!$L29+0.014,IF(G29="AGENTE RM",'Semana 1'!$L29+0.014,IF(G29="AGENTE APERTURA",'Semana 1'!$L29+0.014,IF(G29="AGENTE CIERRE",'Semana 1'!$L29+0.014," - "))))) -> 11:20 | N29: 0.65972222 | O29: =IF(G29="AGENTE",'Semana 1'!$N29+0.007,IF(G29="REDES",'Semana 1'!$N29+0.007,IF(G29="AGENTE RM",'Semana 1'!$N29+0.007,IF(G29="AGENTE APERTURA",'Semana 1'!$N29+0.007,IF(G29="AGENTE CIERRE",'Semana 1'!$N29+0.007," - "))))) -> 16:00 | P29: =(IFERROR(I29-H29,0)*24)-1 -> 8.0 | Q29: 0.27083333 | R29: =IF(Q29=0,"",Q29+0.209) -> 11:30 | U29: 0.33333333 | V29: =IF(U29=0,"",U29+0.021) -> 8:30 | Y29: =(IFERROR(R29-Q29,0)*24) -> 5.0 | Z29: =$P29 -> 8.0 | AA29: =$P29 -> 8.0 | AB29: =$P29 -> 8.0 | AC29: =$P29 -> 8.0 | AD29: =P29+Z29+AA29+AB29+AC29+Y29 -> 45
B30: 25 | C30: Si | E30: =Personal!G30 -> Osiris Azucena Leiva Leon | F30: Semana 1 | G30: =Personal!H30 -> AGENTE | H30: 0.29166667 | I30: =IF(H30=0," ",IF(Q30=0,(H30+0.417),(H30+0.3756))) -> 16:00 | J30: 0.5 | K30: =IF(G30="AGENTE",'Semana 1'!$J30+0.042,IF(G30="REDES",'Semana 1'!$J30+0.042,IF(G30="AGENTE RM",'Semana 1'!$J30+0.042,IF(G30="AGENTE APERTURA",'Semana 1'!$J30+0.021,IF(G30="AGENTE CIERRE",'Semana 1'!$J30+0.021," - "))))) -> 13:00 | L30: 0.35416667 | M30: =IF(G30="AGENTE",'Semana 1'!$L30+0.014,IF(G30="REDES",'Semana 1'!$L30+0.014,IF(G30="AGENTE RM",'Semana 1'!$L30+0.014,IF(G30="AGENTE APERTURA",'Semana 1'!$L30+0.014,IF(G30="AGENTE CIERRE",'Semana 1'!$L30+0.014," - "))))) -> 8:50 | N30: 0.65625 | O30: =IF(G30="AGENTE",'Semana 1'!$N30+0.007,IF(G30="REDES",'Semana 1'!$N30+0.007,IF(G30="AGENTE RM",'Semana 1'!$N30+0.007,IF(G30="AGENTE APERTURA",'Semana 1'!$N30+0.007,IF(G30="AGENTE CIERRE",'Semana 1'!$N30+0.007," - "))))) -> 15:55 | P30: =(IFERROR(I30-H30,0)*24)-1 -> 8.0 | Q30: 0.41666667 | R30: =IF(Q30=0,"",Q30+0.209) -> 15:00 | U30: 0.45833333 | V30: =IF(U30=0,"",U30+0.021) -> 11:30 | Y30: =(IFERROR(R30-Q30,0)*24) -> 5.0 | Z30: =$P30 -> 8.0 | AA30: =$P30 -> 8.0 | AB30: =$P30 -> 8.0 | AC30: =$P30 -> 8.0 | AD30: =P30+Z30+AA30+AB30+AC30+Y30 -> 45
B31: 26 | C31: Si | E31: =Personal!G31 -> Gabriela Abigail Guzman Diaz | F31: Semana 1 | G31: =Personal!H31 -> SOPORTE | I31: =IF(H31=0," ",IF(Q31=0,(H31+0.417),(H31+0.3756))) | K31: =IF(G31="AGENTE",'Semana 1'!$J31+0.042,IF(G31="REDES",'Semana 1'!$J31+0.042,IF(G31="AGENTE RM",'Semana 1'!$J31+0.042,IF(G31="AGENTE APERTURA",'Semana 1'!$J31+0.021,IF(G31="AGENTE CIERRE",'Semana 1'!$J31+0.021," - "))))) -> - | M31: =IF(G31="AGENTE",'Semana 1'!$L31+0.014,IF(G31="REDES",'Semana 1'!$L31+0.014,IF(G31="AGENTE RM",'Semana 1'!$L31+0.014,IF(G31="AGENTE APERTURA",'Semana 1'!$L31+0.014,IF(G31="AGENTE CIERRE",'Semana 1'!$L31+0.014," - "))))) -> - | O31: =IF(G31="AGENTE",'Semana 1'!$N31+0.007,IF(G31="REDES",'Semana 1'!$N31+0.007,IF(G31="AGENTE RM",'Semana 1'!$N31+0.007,IF(G31="AGENTE APERTURA",'Semana 1'!$N31+0.007,IF(G31="AGENTE CIERRE",'Semana 1'!$N31+0.007," - "))))) -> - | P31: =(IFERROR(I31-H31,0)*24)-1 -> -1.0 | R31: =IF(Q31=0,"",Q31+0.209) | V31: =IF(U31=0,"",U31+0.021) | Y31: =(IFERROR(R31-Q31,0)*24) -> 0.0 | Z31: =$P31 -> -1.0 | AA31: =$P31 -> -1.0 | AB31: =$P31 -> -1.0 | AC31: =$P31 -> -1.0 | AD31: =P31+Z31+AA31+AB31+AC31+Y31 -> -5
B32: 27 | C32: Si | E32: =Personal!G32 -> Consuelo Magali Herrarte Bautista | F32: Semana 1 | G32: =Personal!H32 -> AGENTE | H32: 0.41666667 | I32: =IF(H32=0," ",IF(Q32=0,(H32+0.417),(H32+0.3756))) -> 19:00 | J32: 0.625 | K32: =IF(G32="AGENTE",'Semana 1'!$J32+0.042,IF(G32="REDES",'Semana 1'!$J32+0.042,IF(G32="AGENTE RM",'Semana 1'!$J32+0.042,IF(G32="AGENTE APERTURA",'Semana 1'!$J32+0.021,IF(G32="AGENTE CIERRE",'Semana 1'!$J32+0.021," - "))))) -> 16:00 | L32: 0.4375 | M32: =IF(G32="AGENTE",'Semana 1'!$L32+0.014,IF(G32="REDES",'Semana 1'!$L32+0.014,IF(G32="AGENTE RM",'Semana 1'!$L32+0.014,IF(G32="AGENTE APERTURA",'Semana 1'!$L32+0.014,IF(G32="AGENTE CIERRE",'Semana 1'!$L32+0.014," - "))))) -> 10:50 | N32: 0.75 | O32: =IF(G32="AGENTE",'Semana 1'!$N32+0.007,IF(G32="REDES",'Semana 1'!$N32+0.007,IF(G32="AGENTE RM",'Semana 1'!$N32+0.007,IF(G32="AGENTE APERTURA",'Semana 1'!$N32+0.007,IF(G32="AGENTE CIERRE",'Semana 1'!$N32+0.007," - "))))) -> 18:10 | P32: =(IFERROR(I32-H32,0)*24)-1 -> 8.0 | Q32: 0.41666667 | R32: =IF(Q32=0,"",Q32+0.209) -> 15:00 | U32: 0.47916667 | V32: =IF(U32=0,"",U32+0.021) -> 12:00 | Y32: =(IFERROR(R32-Q32,0)*24) -> 5.0 | Z32: =$P32 -> 8.0 | AA32: =$P32 -> 8.0 | AB32: =$P32 -> 8.0 | AC32: =$P32 -> 8.0 | AD32: =P32+Z32+AA32+AB32+AC32+Y32 -> 45
B33: 28 | C33: No | E33: =Personal!G33 -> - | F33: Semana 1 | G33: =Personal!H33 -> - | I33: =IF(H33=0," ",IF(Q33=0,(H33+0.417),(H33+0.292))) | K33: =IF(G33="AGENTE",'Semana 1'!$J33+0.042,IF(G33="REDES",'Semana 1'!$J33+0.042,IF(G33="AGENTE RM",'Semana 1'!$J33+0.042,IF(G33="AGENTE APERTURA",'Semana 1'!$J33+0.021,IF(G33="AGENTE CIERRE",'Semana 1'!$J33+0.021," - "))))) -> - | M33: =IF(G33="AGENTE",'Semana 1'!$L33+0.014,IF(G33="REDES",'Semana 1'!$L33+0.014,IF(G33="AGENTE RM",'Semana 1'!$L33+0.014,IF(G33="AGENTE APERTURA",'Semana 1'!$L33+0.014,IF(G33="AGENTE CIERRE",'Semana 1'!$L33+0.014," - "))))) -> - | O33: =IF(G33="AGENTE",'Semana 1'!$N33+0.007,IF(G33="REDES",'Semana 1'!$N33+0.007,IF(G33="AGENTE RM",'Semana 1'!$N33+0.007,IF(G33="AGENTE APERTURA",'Semana 1'!$N33+0.007,IF(G33="AGENTE CIERRE",'Semana 1'!$N33+0.007," - "))))) -> - | P33: =(IFERROR(I33-H33,0)*24)-1 -> -1.0 | R33: =IF(Q33=0," ",IF(Z33=0,(Q33+0.417),(Q33+0.292))) | T33: =IF(S33=0,"",S33+0.041) | V33: =IF(U33=0,"",U33+0.01) | X33: =IF(W33=0,"",W33+0.01) | Y33: =(IFERROR(R33-Q33,0)*24) -> 0.0 | Z33: =$P33 -> -1.0 | AA33: =$P33 -> -1.0 | AB33: =$P33 -> -1.0 | AC33: =$P33 -> -1.0 | AD33: =P33+Z33+AA33+AB33+AC33+Y33 -> -5
B34: 29 | C34: No | E34: =Personal!G34 -> - | F34: Semana 1 | G34: =Personal!H34 -> - | I34: =IF(H34=0," ",IF(Q34=0,(H34+0.417),(H34+0.3756))) | K34: =IF(G34="AGENTE",'Semana 1'!$J34+0.042,IF(G34="REDES",'Semana 1'!$J34+0.042,IF(G34="AGENTE RM",'Semana 1'!$J34+0.042,IF(G34="AGENTE APERTURA",'Semana 1'!$J34+0.021,IF(G34="AGENTE CIERRE",'Semana 1'!$J34+0.021," - "))))) -> - | M34: =IF(G34="AGENTE",'Semana 1'!$L34+0.014,IF(G34="REDES",'Semana 1'!$L34+0.014,IF(G34="AGENTE RM",'Semana 1'!$L34+0.014,IF(G34="AGENTE APERTURA",'Semana 1'!$L34+0.014,IF(G34="AGENTE CIERRE",'Semana 1'!$L34+0.014," - "))))) -> - | O34: =IF(G34="AGENTE",'Semana 1'!$N34+0.007,IF(G34="REDES",'Semana 1'!$N34+0.007,IF(G34="AGENTE RM",'Semana 1'!$N34+0.007,IF(G34="AGENTE APERTURA",'Semana 1'!$N34+0.007,IF(G34="AGENTE CIERRE",'Semana 1'!$N34+0.007," - "))))) -> - | P34: =(IFERROR(I34-H34,0)*24)-1 -> -1.0 | R34: =IF(Q34=0,"",Q34+0.209) | T34: =IF(S34=0,"",S34+0.041) | V34: =IF(U34=0,"",U34+0.01) | X34: =IF(W34=0,"",W34+0.01) | Y34: =(IFERROR(R34-Q34,0)*24) -> 0.0 | Z34: =$P34 -> -1.0 | AA34: =$P34 -> -1.0 | AB34: =$P34 -> -1.0 | AC34: =$P34 -> -1.0 | AD34: =P34+Z34+AA34+AB34+AC34+Y34 -> -5
B35: 30 | C35: Si | E35: =Personal!G35 -> Yoselin Delfina Lucas Juárez | F35: Semana 1 | G35: =Personal!H35 -> REDES | H35: 0.375 | I35: =IF(H35=0," ",IF(Q35=0,(H35+0.417),(H35+0.3756))) -> 18:00 | J35: 0.5 | K35: =IF(G35="AGENTE",'Semana 1'!$J35+0.042,IF(G35="REDES",'Semana 1'!$J35+0.042,IF(G35="AGENTE RM",'Semana 1'!$J35+0.042,IF(G35="AGENTE APERTURA",'Semana 1'!$J35+0.021,IF(G35="AGENTE CIERRE",'Semana 1'!$J35+0.021," - "))))) -> 13:00 | L35: 0.44444444 | M35: =IF(G35="AGENTE",'Semana 1'!$L35+0.014,IF(G35="REDES",'Semana 1'!$L35+0.014,IF(G35="AGENTE RM",'Semana 1'!$L35+0.014,IF(G35="AGENTE APERTURA",'Semana 1'!$L35+0.014,IF(G35="AGENTE CIERRE",'Semana 1'!$L35+0.014," - "))))) -> 11:00 | N35: 0.66666667 | O35: =IF(G35="AGENTE",'Semana 1'!$N35+0.007,IF(G35="REDES",'Semana 1'!$N35+0.007,IF(G35="AGENTE RM",'Semana 1'!$N35+0.007,IF(G35="AGENTE APERTURA",'Semana 1'!$N35+0.007,IF(G35="AGENTE CIERRE",'Semana 1'!$N35+0.007," - "))))) -> 16:10 | P35: =(IFERROR(I35-H35,0)*24)-1 -> 8.0 | Q35: 0.41666667 | R35: =IF(Q35=0,"",Q35+0.209) -> 15:00 | T35: =IF(S35=0,"",S35+0.041) | U35: 0.5 | V35: =IF(U35=0,"",U35+0.01) -> 12:14 | X35: =IF(W35=0,"",W35+0.01) | Y35: =(IFERROR(R35-Q35,0)*24) -> 5.0 | Z35: =$P35 -> 8.0 | AA35: =$P35 -> 8.0 | AB35: =$P35 -> 8.0 | AC35: =$P35 -> 8.0 | AD35: =P35+Z35+AA35+AB35+AC35+Y35 -> 45
B36: 31 | C36: Si | E36: =Personal!G36 -> Marleny Elizabeth Orozco Carrera | F36: Semana 1 | G36: =Personal!H36 -> AGENTE | H36: 0.33333333 | I36: =IF(H36=0," ",IF(Q36=0,(H36+0.417),(H36+0.3756))) -> 17:00 | J36: 0.5625 | K36: =IF(G36="AGENTE",'Semana 1'!$J36+0.042,IF(G36="REDES",'Semana 1'!$J36+0.042,IF(G36="AGENTE RM",'Semana 1'!$J36+0.042,IF(G36="AGENTE APERTURA",'Semana 1'!$J36+0.021,IF(G36="AGENTE CIERRE",'Semana 1'!$J36+0.021," - "))))) -> 14:30 | L36: 0.34375 | M36: =IF(G36="AGENTE",'Semana 1'!$L36+0.014,IF(G36="REDES",'Semana 1'!$L36+0.014,IF(G36="AGENTE RM",'Semana 1'!$L36+0.014,IF(G36="AGENTE APERTURA",'Semana 1'!$L36+0.014,IF(G36="AGENTE CIERRE",'Semana 1'!$L36+0.014," - "))))) -> 8:35 | N36: 0.67708333 | O36: =IF(G36="AGENTE",'Semana 1'!$N36+0.007,IF(G36="REDES",'Semana 1'!$N36+0.007,IF(G36="AGENTE RM",'Semana 1'!$N36+0.007,IF(G36="AGENTE APERTURA",'Semana 1'!$N36+0.007,IF(G36="AGENTE CIERRE",'Semana 1'!$N36+0.007," - "))))) -> 16:25 | P36: =(IFERROR(I36-H36,0)*24)-1 -> 8.0 | Q36: 0.35416667 | R36: =IF(Q36=0,"",Q36+0.209) -> 13:30 | U36: 0.375 | V36: =IF(U36=0,"",U36+0.021) -> 9:30 | Y36: =(IFERROR(R36-Q36,0)*24) -> 5.0 | Z36: =$P36 -> 8.0 | AA36: =$P36 -> 8.0 | AB36: =$P36 -> 8.0 | AC36: =$P36 -> 8.0 | AD36: =P36+Z36+AA36+AB36+AC36+Y36 -> 45
B37: 32 | C37: Si | E37: =Personal!G37 -> Cristian Eduardo Xiloj Zamor | F37: Semana 1 | G37: =Personal!H37 -> AGENTE RM | H37: 0.29166667 | I37: =IF(H37=0," ",IF(Q37=0,(H37+0.417),(H37+0.3756))) -> 16:00 | J37: 0.5 | K37: =IF(G37="AGENTE",'Semana 1'!$J37+0.042,IF(G37="REDES",'Semana 1'!$J37+0.042,IF(G37="AGENTE RM",'Semana 1'!$J37+0.042,IF(G37="AGENTE APERTURA",'Semana 1'!$J37+0.021,IF(G37="AGENTE CIERRE",'Semana 1'!$J37+0.021," - "))))) -> 13:00 | L37: 0.33333333 | M37: =IF(G37="AGENTE",'Semana 1'!$L37+0.014,IF(G37="REDES",'Semana 1'!$L37+0.014,IF(G37="AGENTE RM",'Semana 1'!$L37+0.014,IF(G37="AGENTE APERTURA",'Semana 1'!$L37+0.014,IF(G37="AGENTE CIERRE",'Semana 1'!$L37+0.014," - "))))) -> 8:20 | N37: 0.59375 | O37: =IF(G37="AGENTE",'Semana 1'!$N37+0.007,IF(G37="REDES",'Semana 1'!$N37+0.007,IF(G37="AGENTE RM",'Semana 1'!$N37+0.007,IF(G37="AGENTE APERTURA",'Semana 1'!$N37+0.007,IF(G37="AGENTE CIERRE",'Semana 1'!$N37+0.007," - "))))) -> 14:25 | P37: =(IFERROR(I37-H37,0)*24)-1 -> 8.0 | Q37: 0.29166667 | R37: =IF(Q37=0,"",Q37+0.209) -> 12:00 | U37: 0.35416667 | V37: =IF(U37=0,"",U37+0.021) -> 9:00 | Y37: =(IFERROR(R37-Q37,0)*24) -> 5.0 | Z37: =$P37 -> 8.0 | AA37: =$P37 -> 8.0 | AB37: =$P37 -> 8.0 | AC37: =$P37 -> 8.0 | AD37: =P37+Z37+AA37+AB37+AC37+Y37 -> 45
B38: 33 | C38: No | E38: =Personal!G38 -> - | F38: Semana 1 | G38: =Personal!H38 -> - | I38: =IF(H38=0," ",IF(Q38=0,(H38+0.417),(H38+0.3756))) | K38: =IF(G38="AGENTE",'Semana 1'!$J38+0.042,IF(G38="REDES",'Semana 1'!$J38+0.042,IF(G38="AGENTE RM",'Semana 1'!$J38+0.042,IF(G38="AGENTE APERTURA",'Semana 1'!$J38+0.021,IF(G38="AGENTE CIERRE",'Semana 1'!$J38+0.021," - "))))) -> - | M38: =IF(G38="AGENTE",'Semana 1'!$L38+0.014,IF(G38="REDES",'Semana 1'!$L38+0.014,IF(G38="AGENTE RM",'Semana 1'!$L38+0.014,IF(G38="AGENTE APERTURA",'Semana 1'!$L38+0.014,IF(G38="AGENTE CIERRE",'Semana 1'!$L38+0.014," - "))))) -> - | O38: =IF(G38="AGENTE",'Semana 1'!$N38+0.007,IF(G38="REDES",'Semana 1'!$N38+0.007,IF(G38="AGENTE RM",'Semana 1'!$N38+0.007,IF(G38="AGENTE APERTURA",'Semana 1'!$N38+0.007,IF(G38="AGENTE CIERRE",'Semana 1'!$N38+0.007," - "))))) -> - | P38: =(IFERROR(I38-H38,0)*24)-1 -> -1.0 | R38: =IF(Q38=0,"",Q38+0.209) | V38: =IF(U38=0,"",U38+0.021) | Y38: =(IFERROR(R38-Q38,0)*24) -> 0.0 | Z38: =$P38 -> -1.0 | AA38: =$P38 -> -1.0 | AB38: =$P38 -> -1.0 | AC38: =$P38 -> -1.0 | AD38: =P38+Z38+AA38+AB38+AC38+Y38 -> -5
B39: 34 | C39: Si | E39: =Personal!G39 -> Diego Leonardo Patzan Patzan | F39: Semana 1 | G39: =Personal!H39 -> AGENTE | H39: 0.33333333 | I39: 0.6875 | J39: 0.5 | K39: =IF(G39="AGENTE",'Semana 1'!$J39+0.042,IF(G39="REDES",'Semana 1'!$J39+0.042,IF(G39="AGENTE RM",'Semana 1'!$J39+0.042,IF(G39="AGENTE APERTURA",'Semana 1'!$J39+0.021,IF(G39="AGENTE CIERRE",'Semana 1'!$J39+0.021," - "))))) -> 13:00 | L39: 0.35416667 | M39: =IF(G39="AGENTE",'Semana 1'!$L39+0.014,IF(G39="REDES",'Semana 1'!$L39+0.014,IF(G39="AGENTE RM",'Semana 1'!$L39+0.014,IF(G39="AGENTE APERTURA",'Semana 1'!$L39+0.014,IF(G39="AGENTE CIERRE",'Semana 1'!$L39+0.014," - "))))) -> 8:50 | N39: 0.14583333 | O39: =IF(G39="AGENTE",'Semana 1'!$N39+0.007,IF(G39="REDES",'Semana 1'!$N39+0.007,IF(G39="AGENTE RM",'Semana 1'!$N39+0.007,IF(G39="AGENTE APERTURA",'Semana 1'!$N39+0.007,IF(G39="AGENTE CIERRE",'Semana 1'!$N39+0.007," - "))))) -> 3:40 | P39: =(IFERROR(I39-H39,0)*24)-1 -> 7.5 | Q39: 0.35416667 | R39: 0.66666667 | U39: 0.54166667 | V39: =IF(U39=0,"",U39+0.021) -> 13:30 | Y39: =(IFERROR(R39-Q39,0)*24) -> 7.5 | Z39: =$P39 -> 7.5 | AA39: =$P39 -> 7.5 | AB39: =$P39 -> 7.5 | AC39: =$P39 -> 7.5 | AD39: =P39+Z39+AA39+AB39+AC39+Y39 -> 45
B40: 35 | C40: Si | E40: =Personal!G40 -> Erick Gabriel Velasquez Marroquin | F40: Semana 1 | G40: =Personal!H40 -> AGENTE | H40: 0.375 | I40: =IF(H40=0," ",IF(Q40=0,(H40+0.417),(H40+0.3756))) -> 18:00 | J40: 0.54166667 | K40: =IF(G40="AGENTE",'Semana 1'!$J40+0.042,IF(G40="REDES",'Semana 1'!$J40+0.042,IF(G40="AGENTE RM",'Semana 1'!$J40+0.042,IF(G40="AGENTE APERTURA",'Semana 1'!$J40+0.021,IF(G40="AGENTE CIERRE",'Semana 1'!$J40+0.021," - "))))) -> 14:00 | L40: 0.29166667 | M40: =IF(G40="AGENTE",'Semana 1'!$L40+0.014,IF(G40="REDES",'Semana 1'!$L40+0.014,IF(G40="AGENTE RM",'Semana 1'!$L40+0.014,IF(G40="AGENTE APERTURA",'Semana 1'!$L40+0.014,IF(G40="AGENTE CIERRE",'Semana 1'!$L40+0.014," - "))))) -> 7:20 | N40: 0.67708333 | O40: =IF(G40="AGENTE",'Semana 1'!$N40+0.007,IF(G40="REDES",'Semana 1'!$N40+0.007,IF(G40="AGENTE RM",'Semana 1'!$N40+0.007,IF(G40="AGENTE APERTURA",'Semana 1'!$N40+0.007,IF(G40="AGENTE CIERRE",'Semana 1'!$N40+0.007," - "))))) -> 16:25 | P40: =(IFERROR(I40-H40,0)*24)-1 -> 8.0 | Q40: 0.375 | R40: =IF(Q40=0,"",Q40+0.209) -> 14:00 | T40: =IF(S40=0,"",S40+0.041) | U40: 0.5625 | V40: =IF(U40=0,"",U40+0.021) -> 14:00 | X40: =IF(W40=0,"",W40+0.01) | Y40: =(IFERROR(R40-Q40,0)*24) -> 5.0 | Z40: =$P40 -> 8.0 | AA40: =$P40 -> 8.0 | AB40: =$P40 -> 8.0 | AC40: =$P40 -> 8.0 | AD40: =P40+Z40+AA40+AB40+AC40+Y40 -> 45
B41: 36 | C41: Si | E41: =Personal!G41 -> Catherine Patricia Castillo Monzon | F41: Semana 1 | G41: =Personal!H41 -> AGENTE | H41: 0.33333333 | I41: =IF(H41=0," ",IF(Q41=0,(H41+0.417),(H41+0.3756))) -> 17:00 | J41: 0.54166667 | K41: =IF(G41="AGENTE",'Semana 1'!$J41+0.042,IF(G41="REDES",'Semana 1'!$J41+0.042,IF(G41="AGENTE RM",'Semana 1'!$J41+0.042,IF(G41="AGENTE APERTURA",'Semana 1'!$J41+0.021,IF(G41="AGENTE CIERRE",'Semana 1'!$J41+0.021," - "))))) -> 14:00 | L41: 0.39583333 | M41: =IF(G41="AGENTE",'Semana 1'!$L41+0.014,IF(G41="REDES",'Semana 1'!$L41+0.014,IF(G41="AGENTE RM",'Semana 1'!$L41+0.014,IF(G41="AGENTE APERTURA",'Semana 1'!$L41+0.014,IF(G41="AGENTE CIERRE",'Semana 1'!$L41+0.014," - "))))) -> 9:50 | N41: 0.69791667 | O41: =IF(G41="AGENTE",'Semana 1'!$N41+0.007,IF(G41="REDES",'Semana 1'!$N41+0.007,IF(G41="AGENTE RM",'Semana 1'!$N41+0.007,IF(G41="AGENTE APERTURA",'Semana 1'!$N41+0.007,IF(G41="AGENTE CIERRE",'Semana 1'!$N41+0.007," - "))))) -> 16:55 | P41: =(IFERROR(I41-H41,0)*24)-1 -> 8.0 | Q41: 0.33333333 | R41: =IF(Q41=0,"",Q41+0.209) -> 13:00 | U41: 0.4375 | V41: =IF(U41=0,"",U41+0.021) -> 11:00 | Y41: =(IFERROR(R41-Q41,0)*24) -> 5.0 | Z41: =$P41 -> 8.0 | AA41: =$P41 -> 8.0 | AB41: =$P41 -> 8.0 | AC41: =$P41 -> 8.0 | AD41: =P41+Z41+AA41+AB41+AC41+Y41 -> 45
B42: 37 | C42: Si | E42: =Personal!G42 -> Yandira Yaneth Balcarcel Perez | F42: Semana 1 | G42: =Personal!H42 -> CONTROL | I42: =IF(H42=0," ",IF(Q42=0,(H42+0.417),(H42+0.3756))) | K42: =IF(G42="AGENTE",'Semana 1'!$J42+0.042,IF(G42="REDES",'Semana 1'!$J42+0.042,IF(G42="AGENTE RM",'Semana 1'!$J42+0.042,IF(G42="AGENTE APERTURA",'Semana 1'!$J42+0.021,IF(G42="AGENTE CIERRE",'Semana 1'!$J42+0.021," - "))))) -> - | M42: =IF(G42="AGENTE",'Semana 1'!$L42+0.014,IF(G42="REDES",'Semana 1'!$L42+0.014,IF(G42="AGENTE RM",'Semana 1'!$L42+0.014,IF(G42="AGENTE APERTURA",'Semana 1'!$L42+0.014,IF(G42="AGENTE CIERRE",'Semana 1'!$L42+0.014," - "))))) -> - | O42: =IF(G42="AGENTE",'Semana 1'!$N42+0.007,IF(G42="REDES",'Semana 1'!$N42+0.007,IF(G42="AGENTE RM",'Semana 1'!$N42+0.007,IF(G42="AGENTE APERTURA",'Semana 1'!$N42+0.007,IF(G42="AGENTE CIERRE",'Semana 1'!$N42+0.007," - "))))) -> - | P42: =(IFERROR(I42-H42,0)*24)-1 -> -1.0 | R42: =IF(Q42=0,"",Q42+0.209) | V42: =IF(U42=0,"",U42+0.021) | Y42: =(IFERROR(R42-Q42,0)*24) -> 0.0 | Z42: =$P42 -> -1.0 | AA42: =$P42 -> -1.0 | AB42: =$P42 -> -1.0 | AC42: =$P42 -> -1.0 | AD42: =P42+Z42+AA42+AB42+AC42+Y42 -> -5
B43: 38 | C43: Si | E43: =Personal!G43 -> Laura Lucia Rabanales Oliva | F43: Semana 1 | G43: =Personal!H43 -> AGENTE RM | H43: 0.27083333 | I43: =IF(H43=0," ",IF(Q43=0,(H43+0.417),(H43+0.3756))) -> 15:30 | J43: 0.5 | K43: =IF(G43="AGENTE",'Semana 1'!$J43+0.042,IF(G43="REDES",'Semana 1'!$J43+0.042,IF(G43="AGENTE RM",'Semana 1'!$J43+0.042,IF(G43="AGENTE APERTURA",'Semana 1'!$J43+0.021,IF(G43="AGENTE CIERRE",'Semana 1'!$J43+0.021," - "))))) -> 13:00 | L43: 0.36111111 | M43: =IF(G43="AGENTE",'Semana 1'!$L43+0.014,IF(G43="REDES",'Semana 1'!$L43+0.014,IF(G43="AGENTE RM",'Semana 1'!$L43+0.014,IF(G43="AGENTE APERTURA",'Semana 1'!$L43+0.014,IF(G43="AGENTE CIERRE",'Semana 1'!$L43+0.014," - "))))) -> 9:00 | N43: 0.58333333 | O43: =IF(G43="AGENTE",'Semana 1'!$N43+0.007,IF(G43="REDES",'Semana 1'!$N43+0.007,IF(G43="AGENTE RM",'Semana 1'!$N43+0.007,IF(G43="AGENTE APERTURA",'Semana 1'!$N43+0.007,IF(G43="AGENTE CIERRE",'Semana 1'!$N43+0.007," - "))))) -> 14:10 | P43: =(IFERROR(I43-H43,0)*24)-1 -> 8.0 | Q43: 0.27083333 | R43: =IF(Q43=0,"",Q43+0.209) -> 11:30 | U43: 0.33333333 | V43: =IF(U43=0,"",U43+0.021) -> 8:30 | Y43: =(IFERROR(R43-Q43,0)*24) -> 5.0 | Z43: =$P43 -> 8.0 | AA43: =$P43 -> 8.0 | AB43: =$P43 -> 8.0 | AC43: =$P43 -> 8.0 | AD43: =P43+Z43+AA43+AB43+AC43+Y43 -> 45
B44: 41 | C44: Si | E44: =Personal!G44 -> Lilian Josefina Ramirez Estrada | F44: Semana 1 | G44: =Personal!H44 -> SUPERVISORA | I44: =IF(H44=0," ",IF(Q44=0,(H44+0.417),(H44+0.3756))) | K44: =IF(G44="AGENTE",'Semana 1'!$J44+0.042,IF(G44="REDES",'Semana 1'!$J44+0.042,IF(G44="AGENTE RM",'Semana 1'!$J44+0.042,IF(G44="AGENTE APERTURA",'Semana 1'!$J44+0.021,IF(G44="AGENTE CIERRE",'Semana 1'!$J44+0.021," - "))))) -> - | M44: =IF(G44="AGENTE",'Semana 1'!$L44+0.014,IF(G44="REDES",'Semana 1'!$L44+0.014,IF(G44="AGENTE RM",'Semana 1'!$L44+0.014,IF(G44="AGENTE APERTURA",'Semana 1'!$L44+0.014,IF(G44="AGENTE CIERRE",'Semana 1'!$L44+0.014," - "))))) -> - | O44: =IF(G44="AGENTE",'Semana 1'!$N44+0.007,IF(G44="REDES",'Semana 1'!$N44+0.007,IF(G44="AGENTE RM",'Semana 1'!$N44+0.007,IF(G44="AGENTE APERTURA",'Semana 1'!$N44+0.007,IF(G44="AGENTE CIERRE",'Semana 1'!$N44+0.007," - "))))) -> - | P44: =(IFERROR(I44-H44,0)*24)-1 -> -1.0 | R44: =IF(Q44=0,"",Q44+0.209) | V44: =IF(U44=0,"",U44+0.021) | Y44: =(IFERROR(R44-Q44,0)*24) -> 0.0 | Z44: =$P44 -> -1.0 | AA44: =$P44 -> -1.0 | AB44: =$P44 -> -1.0 | AC44: =$P44 -> -1.0 | AD44: =P44+Z44+AA44+AB44+AC44+Y44 -> -5
B45: 42 | C45: Si | E45: =Personal!G45 -> Wilson Saúl Gómez Mendoza | F45: Semana 1 | G45: =Personal!H45 -> CONTROL | I45: =IF(H45=0," ",IF(Q45=0,(H45+0.417),(H45+0.3756))) | K45: =IF(G45="AGENTE",'Semana 1'!$J45+0.042,IF(G45="REDES",'Semana 1'!$J45+0.042,IF(G45="AGENTE RM",'Semana 1'!$J45+0.042,IF(G45="AGENTE APERTURA",'Semana 1'!$J45+0.021,IF(G45="AGENTE CIERRE",'Semana 1'!$J45+0.021," - "))))) -> - | M45: =IF(G45="AGENTE",'Semana 1'!$L45+0.014,IF(G45="REDES",'Semana 1'!$L45+0.014,IF(G45="AGENTE RM",'Semana 1'!$L45+0.014,IF(G45="AGENTE APERTURA",'Semana 1'!$L45+0.014,IF(G45="AGENTE CIERRE",'Semana 1'!$L45+0.014," - "))))) -> - | O45: =IF(G45="AGENTE",'Semana 1'!$N45+0.007,IF(G45="REDES",'Semana 1'!$N45+0.007,IF(G45="AGENTE RM",'Semana 1'!$N45+0.007,IF(G45="AGENTE APERTURA",'Semana 1'!$N45+0.007,IF(G45="AGENTE CIERRE",'Semana 1'!$N45+0.007," - "))))) -> - | P45: =(IFERROR(I45-H45,0)*24)-1 -> -1.0 | R45: =IF(Q45=0,"",Q45+0.209) | V45: =IF(U45=0,"",U45+0.021) | Y45: =(IFERROR(R45-Q45,0)*24) -> 0.0 | Z45: =$P45 -> -1.0 | AA45: =$P45 -> -1.0 | AB45: =$P45 -> -1.0 | AC45: =$P45 -> -1.0 | AD45: =P45+Z45+AA45+AB45+AC45+Y45 -> -5
B46: 43 | C46: Si | E46: =Personal!G46 -> Carmen Yanira Brán Oliva | F46: Semana 1 | G46: =Personal!H46 -> CAPACITACION | I46: =IF(H46=0," ",IF(Q46=0,(H46+0.417),(H46+0.3756))) | K46: =IF(G46="AGENTE",'Semana 1'!$J46+0.042,IF(G46="REDES",'Semana 1'!$J46+0.042,IF(G46="AGENTE RM",'Semana 1'!$J46+0.042,IF(G46="AGENTE APERTURA",'Semana 1'!$J46+0.021,IF(G46="AGENTE CIERRE",'Semana 1'!$J46+0.021," - "))))) -> - | M46: =IF(G46="AGENTE",'Semana 1'!$L46+0.014,IF(G46="REDES",'Semana 1'!$L46+0.014,IF(G46="AGENTE RM",'Semana 1'!$L46+0.014,IF(G46="AGENTE APERTURA",'Semana 1'!$L46+0.014,IF(G46="AGENTE CIERRE",'Semana 1'!$L46+0.014," - "))))) -> - | O46: =IF(G46="AGENTE",'Semana 1'!$N46+0.007,IF(G46="REDES",'Semana 1'!$N46+0.007,IF(G46="AGENTE RM",'Semana 1'!$N46+0.007,IF(G46="AGENTE APERTURA",'Semana 1'!$N46+0.007,IF(G46="AGENTE CIERRE",'Semana 1'!$N46+0.007," - "))))) -> - | P46: =(IFERROR(I46-H46,0)*24)-1 -> -1.0 | R46: =IF(Q46=0,"",Q46+0.209) | Y46: =(IFERROR(R46-Q46,0)*24) -> 0.0 | Z46: =$P46 -> -1.0 | AA46: =$P46 -> -1.0 | AB46: =$P46 -> -1.0 | AC46: =$P46 -> -1.0 | AD46: =P46+Z46+AA46+AB46+AC46+Y46 -> -5
B47: 44 | C47: Si | E47: =Personal!G47 -> Katherine Nicole Colmenares Véliz | F47: Semana 1 | G47: =Personal!H47 -> CONTROL | I47: =IF(H47=0," ",IF(Q47=0,(H47+0.417),(H47+0.3756))) | K47: =IF(G47="AGENTE",'Semana 1'!$J47+0.042,IF(G47="REDES",'Semana 1'!$J47+0.042,IF(G47="AGENTE RM",'Semana 1'!$J47+0.042,IF(G47="AGENTE APERTURA",'Semana 1'!$J47+0.021,IF(G47="AGENTE CIERRE",'Semana 1'!$J47+0.021," - "))))) -> - | M47: =IF(G47="AGENTE",'Semana 1'!$L47+0.014,IF(G47="REDES",'Semana 1'!$L47+0.014,IF(G47="AGENTE RM",'Semana 1'!$L47+0.014,IF(G47="AGENTE APERTURA",'Semana 1'!$L47+0.014,IF(G47="AGENTE CIERRE",'Semana 1'!$L47+0.014," - "))))) -> - | O47: =IF(G47="AGENTE",'Semana 1'!$N47+0.007,IF(G47="REDES",'Semana 1'!$N47+0.007,IF(G47="AGENTE RM",'Semana 1'!$N47+0.007,IF(G47="AGENTE APERTURA",'Semana 1'!$N47+0.007,IF(G47="AGENTE CIERRE",'Semana 1'!$N47+0.007," - "))))) -> - | P47: =(IFERROR(I47-H47,0)*24)-1 -> -1.0 | R47: =IF(Q47=0,"",Q47+0.209) | Y47: =(IFERROR(R47-Q47,0)*24) -> 0.0 | Z47: =$P47 -> -1.0 | AA47: =$P47 -> -1.0 | AB47: =$P47 -> -1.0 | AC47: =$P47 -> -1.0 | AD47: =P47+Z47+AA47+AB47+AC47+Y47 -> -5
B48: 45 | C48: Si | E48: =Personal!G48 -> Laptop | F48: Semana 1 | G48: =Personal!H48 -> Lap | I48: =IF(H48=0," ",IF(Q48=0,(H48+0.417),(H48+0.3756))) | K48: =IF(G48="AGENTE",'Semana 1'!$J48+0.042,IF(G48="REDES",'Semana 1'!$J48+0.042,IF(G48="AGENTE RM",'Semana 1'!$J48+0.042,IF(G48="AGENTE APERTURA",'Semana 1'!$J48+0.021,IF(G48="AGENTE CIERRE",'Semana 1'!$J48+0.021," - "))))) -> - | M48: =IF(G48="AGENTE",'Semana 1'!$L48+0.014,IF(G48="REDES",'Semana 1'!$L48+0.014,IF(G48="AGENTE RM",'Semana 1'!$L48+0.014,IF(G48="AGENTE APERTURA",'Semana 1'!$L48+0.014,IF(G48="AGENTE CIERRE",'Semana 1'!$L48+0.014," - "))))) -> - | O48: =IF(G48="AGENTE",'Semana 1'!$N48+0.007,IF(G48="REDES",'Semana 1'!$N48+0.007,IF(G48="AGENTE RM",'Semana 1'!$N48+0.007,IF(G48="AGENTE APERTURA",'Semana 1'!$N48+0.007,IF(G48="AGENTE CIERRE",'Semana 1'!$N48+0.007," - "))))) -> - | P48: =(IFERROR(I48-H48,0)*24)-1 -> -1.0 | R48: =IF(Q48=0,"",Q48+0.209) | V48: =IF(U48=0,"",U48+0.021) | X48: =IF(W48=0,"",W48+0.021) | Y48: =(IFERROR(R48-Q48,0)*24) -> 0.0 | Z48: =$P48 -> -1.0 | AA48: =$P48 -> -1.0 | AB48: =$P48 -> -1.0 | AC48: =$P48 -> -1.0 | AD48: =P48+Z48+AA48+AB48+AC48+Y48 -> -5
B49: 46 | C49: Si | E49: =Personal!G49 -> Yissa Julavy Aquino Garcia | F49: Semana 1 | G49: =Personal!H49 -> AGENTE | H49: 0.33333333 | I49: =IF(H49=0," ",IF(Q49=0,(H49+0.417),(H49+0.3756))) -> 17:00 | J49: 0.5 | K49: =IF(G49="AGENTE",'Semana 1'!$J49+0.042,IF(G49="REDES",'Semana 1'!$J49+0.042,IF(G49="AGENTE RM",'Semana 1'!$J49+0.042,IF(G49="AGENTE APERTURA",'Semana 1'!$J49+0.021,IF(G49="AGENTE CIERRE",'Semana 1'!$J49+0.021," - "))))) -> 13:00 | L49: 0.35416667 | M49: =IF(G49="AGENTE",'Semana 1'!$L49+0.014,IF(G49="REDES",'Semana 1'!$L49+0.014,IF(G49="AGENTE RM",'Semana 1'!$L49+0.014,IF(G49="AGENTE APERTURA",'Semana 1'!$L49+0.014,IF(G49="AGENTE CIERRE",'Semana 1'!$L49+0.014," - "))))) -> 8:50 | N49: 0.61805556 | O49: =IF(G49="AGENTE",'Semana 1'!$N49+0.007,IF(G49="REDES",'Semana 1'!$N49+0.007,IF(G49="AGENTE RM",'Semana 1'!$N49+0.007,IF(G49="AGENTE APERTURA",'Semana 1'!$N49+0.007,IF(G49="AGENTE CIERRE",'Semana 1'!$N49+0.007," - "))))) -> 15:00 | P49: =(IFERROR(I49-H49,0)*24)-1 -> 8.0 | Q49: 0.33333333 | R49: =IF(Q49=0,"",Q49+0.209) -> 13:00 | U49: 0.45833333 | V49: =IF(U49=0,"",U49+0.021) -> 11:30 | X49: =IF(W49=0,"",W49+0.021) | Y49: =(IFERROR(R49-Q49,0)*24) -> 5.0 | Z49: =$P49 -> 8.0 | AA49: =$P49 -> 8.0 | AB49: =$P49 -> 8.0 | AC49: =$P49 -> 8.0 | AD49: =P49+Z49+AA49+AB49+AC49+Y49 -> 45
B50: 45 | C50: No | E50: =Personal!G50 -> - | F50: Semana 1 | G50: =Personal!H50 -> - | I50: =IF(H50=0," ",IF(Q50=0,(H50+0.417),(H50+0.3756))) | K50: =IF(G50="AGENTE",'Semana 1'!$J50+0.042,IF(G50="REDES",'Semana 1'!$J50+0.042,IF(G50="AGENTE RM",'Semana 1'!$J50+0.042,IF(G50="AGENTE APERTURA",'Semana 1'!$J50+0.021,IF(G50="AGENTE CIERRE",'Semana 1'!$J50+0.021," - "))))) -> - | M50: =IF(G50="AGENTE",'Semana 1'!$L50+0.014,IF(G50="REDES",'Semana 1'!$L50+0.014,IF(G50="AGENTE RM",'Semana 1'!$L50+0.014,IF(G50="AGENTE APERTURA",'Semana 1'!$L50+0.014,IF(G50="AGENTE CIERRE",'Semana 1'!$L50+0.014," - "))))) -> - | O50: =IF(G50="AGENTE",'Semana 1'!$N50+0.007,IF(G50="REDES",'Semana 1'!$N50+0.007,IF(G50="AGENTE RM",'Semana 1'!$N50+0.007,IF(G50="AGENTE APERTURA",'Semana 1'!$N50+0.007,IF(G50="AGENTE CIERRE",'Semana 1'!$N50+0.007," - "))))) -> - | P50: =(IFERROR(I50-H50,0)*24)-1 -> -1.0 | R50: =IF(Q50=0,"",Q50+0.209) | V50: =IF(U50=0,"",U50+0.021) | Y50: =(IFERROR(R50-Q50,0)*24) -> 0.0 | Z50: =$P50 -> -1.0 | AA50: =$P50 -> -1.0 | AB50: =$P50 -> -1.0 | AC50: =$P50 -> -1.0 | AD50: =P50+Z50+AA50+AB50+AC50+Y50 -> -5
B51: 46 | C51: No | E51: =Personal!G51 -> - | F51: Semana 1 | G51: =Personal!H51 -> - | I51: =IF(H51=0," ",IF(Q51=0,(H51+0.417),(H51+0.3756))) | K51: =IF(G51="AGENTE",'Semana 1'!$J51+0.042,IF(G51="REDES",'Semana 1'!$J51+0.042,IF(G51="AGENTE RM",'Semana 1'!$J51+0.042,IF(G51="AGENTE APERTURA",'Semana 1'!$J51+0.021,IF(G51="AGENTE CIERRE",'Semana 1'!$J51+0.021," - "))))) -> - | M51: =IF(G51="AGENTE",'Semana 1'!$L51+0.014,IF(G51="REDES",'Semana 1'!$L51+0.014,IF(G51="AGENTE RM",'Semana 1'!$L51+0.014,IF(G51="AGENTE APERTURA",'Semana 1'!$L51+0.014,IF(G51="AGENTE CIERRE",'Semana 1'!$L51+0.014," - "))))) -> - | O51: =IF(G51="AGENTE",'Semana 1'!$N51+0.007,IF(G51="REDES",'Semana 1'!$N51+0.007,IF(G51="AGENTE RM",'Semana 1'!$N51+0.007,IF(G51="AGENTE APERTURA",'Semana 1'!$N51+0.007,IF(G51="AGENTE CIERRE",'Semana 1'!$N51+0.007," - "))))) -> - | P51: =(IFERROR(I51-H51,0)*24)-1 -> -1.0 | R51: =IF(Q51=0,"",Q51+0.209) | V51: =IF(U51=0,"",U51+0.021) | Y51: =(IFERROR(R51-Q51,0)*24) -> 0.0 | Z51: =$P51 -> -1.0 | AA51: =$P51 -> -1.0 | AB51: =$P51 -> -1.0 | AC51: =$P51 -> -1.0 | AD51: =P51+Z51+AA51+AB51+AC51+Y51 -> -5
B52: 50 | C52: Si | E52: =Personal!G52 -> Karla Isabel Herandez Rivas | F52: Semana 1 | G52: =Personal!H52 -> SOPORTE | I52: =IF(H52=0," ",IF(Q52=0,(H52+0.417),(H52+0.3756))) | K52: =IF(G52="AGENTE",'Semana 1'!$J52+0.042,IF(G52="REDES",'Semana 1'!$J52+0.042,IF(G52="AGENTE RM",'Semana 1'!$J52+0.042,IF(G52="AGENTE APERTURA",'Semana 1'!$J52+0.021,IF(G52="AGENTE CIERRE",'Semana 1'!$J52+0.021," - "))))) -> - | M52: =IF(G52="AGENTE",'Semana 1'!$L52+0.014,IF(G52="REDES",'Semana 1'!$L52+0.014,IF(G52="AGENTE RM",'Semana 1'!$L52+0.014,IF(G52="AGENTE APERTURA",'Semana 1'!$L52+0.014,IF(G52="AGENTE CIERRE",'Semana 1'!$L52+0.014," - "))))) -> - | O52: =IF(G52="AGENTE",'Semana 1'!$N52+0.007,IF(G52="REDES",'Semana 1'!$N52+0.007,IF(G52="AGENTE RM",'Semana 1'!$N52+0.007,IF(G52="AGENTE APERTURA",'Semana 1'!$N52+0.007,IF(G52="AGENTE CIERRE",'Semana 1'!$N52+0.007," - "))))) -> - | P52: =(IFERROR(I52-H52,0)*24)-1 -> -1.0 | R52: =IF(Q52=0,"",Q52+0.209) | V52: =IF(U52=0,"",U52+0.021) | Y52: =(IFERROR(R52-Q52,0)*24) -> 0.0 | Z52: =$P52 -> -1.0 | AA52: =$P52 -> -1.0 | AB52: =$P52 -> -1.0 | AC52: =$P52 -> -1.0 | AD52: =P52+Z52+AA52+AB52+AC52+Y52 -> -5
B53: 51 | C53: Si | E53: =Personal!G53 -> Anthony Stiven Yocute Aragon | F53: Semana 1 | G53: =Personal!H53 -> AGENTE | H53: 0.27083333 | I53: =IF(H53=0," ",IF(Q53=0,(H53+0.417),(H53+0.3756))) -> 15:30 | J53: 0.54166667 | K53: =IF(G53="AGENTE",'Semana 1'!$J53+0.042,IF(G53="REDES",'Semana 1'!$J53+0.042,IF(G53="AGENTE RM",'Semana 1'!$J53+0.042,IF(G53="AGENTE APERTURA",'Semana 1'!$J53+0.021,IF(G53="AGENTE CIERRE",'Semana 1'!$J53+0.021," - "))))) -> 14:00 | L53: 0.39583333 | M53: =IF(G53="AGENTE",'Semana 1'!$L53+0.014,IF(G53="REDES",'Semana 1'!$L53+0.014,IF(G53="AGENTE RM",'Semana 1'!$L53+0.014,IF(G53="AGENTE APERTURA",'Semana 1'!$L53+0.014,IF(G53="AGENTE CIERRE",'Semana 1'!$L53+0.014," - "))))) -> 9:50 | N53: 0.60416667 | O53: =IF(G53="AGENTE",'Semana 1'!$N53+0.007,IF(G53="REDES",'Semana 1'!$N53+0.007,IF(G53="AGENTE RM",'Semana 1'!$N53+0.007,IF(G53="AGENTE APERTURA",'Semana 1'!$N53+0.007,IF(G53="AGENTE CIERRE",'Semana 1'!$N53+0.007," - "))))) -> 14:40 | P53: =(IFERROR(I53-H53,0)*24)-1 -> 8.0 | Q53: 0.29166667 | R53: =IF(Q53=0,"",Q53+0.209) -> 12:00 | U53: 0.375 | V53: =IF(U53=0,"",U53+0.021) -> 9:30 | Y53: =(IFERROR(R53-Q53,0)*24) -> 5.0 | Z53: =$P53 -> 8.0 | AA53: =$P53 -> 8.0 | AB53: =$P53 -> 8.0 | AC53: =$P53 -> 8.0 | AD53: =P53+Z53+AA53+AB53+AC53+Y53 -> 45
B54: 52 | C54: Si | E54: =Personal!G54 -> Daylin Paulette Quiroa Quiroa | F54: Semana 1 | G54: =Personal!H54 -> AGENTE CIERRE | H54: 0.70833333 | I54: 1 | J54: 0.83333333 | K54: =IF(G54="AGENTE",'Semana 1'!$J54+0.042,IF(G54="REDES",'Semana 1'!$J54+0.042,IF(G54="AGENTE RM",'Semana 1'!$J54+0.042,IF(G54="AGENTE APERTURA",'Semana 1'!$J54+0.021,IF(G54="AGENTE CIERRE",'Semana 1'!$J54+0.021," - "))))) -> 20:30 | L54: 0.85416667 | M54: =IF(G54="AGENTE",'Semana 1'!$L54+0.014,IF(G54="REDES",'Semana 1'!$L54+0.014,IF(G54="AGENTE RM",'Semana 1'!$L54+0.014,IF(G54="AGENTE APERTURA",'Semana 1'!$L54+0.014,IF(G54="AGENTE CIERRE",'Semana 1'!$L54+0.014," - "))))) -> 20:50 | N54: 0.86805556 | O54: =IF(G54="AGENTE",'Semana 1'!$N54+0.007,IF(G54="REDES",'Semana 1'!$N54+0.007,IF(G54="AGENTE RM",'Semana 1'!$N54+0.007,IF(G54="AGENTE APERTURA",'Semana 1'!$N54+0.007,IF(G54="AGENTE CIERRE",'Semana 1'!$N54+0.007," - "))))) -> 21:00 | P54: =(IFERROR(I54-H54,0)*24)-1 -> 6.0 | Q54: 0.70833333 | R54: 1 | S54: 0.83333333 | T54: 0.85433333 | U54: 0.85416667 | V54: 0.86816667 | W54: 0.86805556 | X54: 0.87505556 | Y54: =(IFERROR(R54-Q54,0)*24)-1 -> 6.0 | Z54: =$P54 -> 6.0 | AA54: =$P54 -> 6.0 | AB54: =$P54 -> 6.0 | AC54: =$P54 -> 6.0 | AD54: =P54+Z54+AA54+AB54+AC54+Y54 -> 36
B55: 53 | C55: Si | E55: =Personal!G55 -> - | F55: Semana 1 | G55: - | I55: =IF(H55=0," ",IF(Q55=0,(H55+0.417),(H55+0.3756))) | K55: =IF(G55="AGENTE",'Semana 1'!$J55+0.042,IF(G55="REDES",'Semana 1'!$J55+0.042,IF(G55="AGENTE RM",'Semana 1'!$J55+0.042,IF(G55="AGENTE APERTURA",'Semana 1'!$J55+0.021,IF(G55="AGENTE CIERRE",'Semana 1'!$J55+0.021," - "))))) -> - | M55: =IF(G55="AGENTE",'Semana 1'!$L55+0.014,IF(G55="REDES",'Semana 1'!$L55+0.014,IF(G55="AGENTE RM",'Semana 1'!$L55+0.014,IF(G55="AGENTE APERTURA",'Semana 1'!$L55+0.014,IF(G55="AGENTE CIERRE",'Semana 1'!$L55+0.014," - "))))) -> - | O55: =IF(G55="AGENTE",'Semana 1'!$N55+0.007,IF(G55="REDES",'Semana 1'!$N55+0.007,IF(G55="AGENTE RM",'Semana 1'!$N55+0.007,IF(G55="AGENTE APERTURA",'Semana 1'!$N55+0.007,IF(G55="AGENTE CIERRE",'Semana 1'!$N55+0.007," - "))))) -> - | P55: =(IFERROR(I55-H55,0)*24)-1 -> -1.0 | R55: =IF(Q55=0,"",Q55+0.209) | T55: =IF(G55="AGENTE",'Semana 1'!$S55+0.042,IF(G55="REDES",'Semana 1'!$S55+0.042,IF(G55="AGENTE RM",'Semana 1'!$S55+0.042,IF(G55="AGENTE APERTURA",'Semana 1'!$S55+0.021,IF(G55="AGENTE CIERRE",'Semana 1'!$S55+0.021," - "))))) -> - | V55: =IF(U55=0,"",U55+0.021) | Y55: =(IFERROR(R55-Q55,0)*24) -> 0.0 | Z55: =$P55 -> -1.0 | AA55: =$P55 -> -1.0 | AB55: =$P55 -> -1.0 | AC55: =$P55 -> -1.0 | AD55: =P55+Z55+AA55+AB55+AC55+Y55 -> -5
B56: 54 | C56: Si | E56: =Personal!G56 -> Nora Azucena Sanchez Rodriguez | F56: Semana 1 | G56: =Personal!H56 -> AGENTE | H56: 0.29166667 | I56: =IF(H56=0," ",IF(Q56=0,(H56+0.417),(H56+0.3756))) -> 16:00 | J56: 0.52083333 | K56: =IF(G56="AGENTE",'Semana 1'!$J56+0.042,IF(G56="REDES",'Semana 1'!$J56+0.042,IF(G56="AGENTE RM",'Semana 1'!$J56+0.042,IF(G56="AGENTE APERTURA",'Semana 1'!$J56+0.021,IF(G56="AGENTE CIERRE",'Semana 1'!$J56+0.021," - "))))) -> 13:30 | L56: 0.35416667 | M56: =IF(G56="AGENTE",'Semana 1'!$L56+0.014,IF(G56="REDES",'Semana 1'!$L56+0.014,IF(G56="AGENTE RM",'Semana 1'!$L56+0.014,IF(G56="AGENTE APERTURA",'Semana 1'!$L56+0.014,IF(G56="AGENTE CIERRE",'Semana 1'!$L56+0.014," - "))))) -> 8:50 | N56: 0.65625 | O56: =IF(G56="AGENTE",'Semana 1'!$N56+0.007,IF(G56="REDES",'Semana 1'!$N56+0.007,IF(G56="AGENTE RM",'Semana 1'!$N56+0.007,IF(G56="AGENTE APERTURA",'Semana 1'!$N56+0.007,IF(G56="AGENTE CIERRE",'Semana 1'!$N56+0.007," - "))))) -> 15:55 | P56: =(IFERROR(I56-H56,0)*24)-1 -> 8.0 | Q56: 0.41666667 | R56: =IF(Q56=0,"",Q56+0.209) -> 15:00 | U56: 0.5625 | V56: =IF(U56=0,"",U56+0.021) -> 14:00 | Y56: =(IFERROR(R56-Q56,0)*24) -> 5.0 | Z56: =$P56 -> 8.0 | AA56: =$P56 -> 8.0 | AB56: =$P56 -> 8.0 | AC56: =$P56 -> 8.0 | AD56: =P56+Z56+AA56+AB56+AC56+Y56 -> 45
B57: 55 | C57: Si | E57: =Personal!G57 -> Dorian Estefany Sit Santos | F57: Semana 1 | G57: =Personal!H57 -> AGENTE RM | H57: 0.35416667 | I57: =IF(H57=0," ",IF(Q57=0,(H57+0.417),(H57+0.3756))) -> 17:30 | J57: 0.58333333 | K57: =IF(G57="AGENTE",'Semana 1'!$J57+0.042,IF(G57="REDES",'Semana 1'!$J57+0.042,IF(G57="AGENTE RM",'Semana 1'!$J57+0.042,IF(G57="AGENTE APERTURA",'Semana 1'!$J57+0.021,IF(G57="AGENTE CIERRE",'Semana 1'!$J57+0.021," - "))))) -> 15:00 | L57: 0.40277778 | M57: =IF(G57="AGENTE",'Semana 1'!$L57+0.014,IF(G57="REDES",'Semana 1'!$L57+0.014,IF(G57="AGENTE RM",'Semana 1'!$L57+0.014,IF(G57="AGENTE APERTURA",'Semana 1'!$L57+0.014,IF(G57="AGENTE CIERRE",'Semana 1'!$L57+0.014," - "))))) -> 10:00 | N57: 0.64583333 | O57: =IF(G57="AGENTE",'Semana 1'!$N57+0.007,IF(G57="REDES",'Semana 1'!$N57+0.007,IF(G57="AGENTE RM",'Semana 1'!$N57+0.007,IF(G57="AGENTE APERTURA",'Semana 1'!$N57+0.007,IF(G57="AGENTE CIERRE",'Semana 1'!$N57+0.007," - "))))) -> 15:40 | P57: =(IFERROR(I57-H57,0)*24)-1 -> 8.0 | Q57: 0.33333333 | R57: =IF(Q57=0,"",Q57+0.209) -> 13:00 | U57: 0.375 | V57: =IF(U57=0,"",U57+0.021) -> 9:30 | Y57: =(IFERROR(R57-Q57,0)*24) -> 5.0 | Z57: =$P57 -> 8.0 | AA57: =$P57 -> 8.0 | AB57: =$P57 -> 8.0 | AC57: =$P57 -> 8.0 | AD57: =P57+Z57+AA57+AB57+AC57+Y57 -> 45
B58: 56 | C58: Si | E58: =Personal!G58 -> Benjamin Max Israel Boc Vicente | F58: Semana 1 | G58: =Personal!H58 -> AGENTE | H58: 0.33333333 | I58: =IF(H58=0," ",IF(Q58=0,(H58+0.417),(H58+0.3756))) -> 17:00 | J58: 0.625 | K58: =IF(G58="AGENTE",'Semana 1'!$J58+0.042,IF(G58="REDES",'Semana 1'!$J58+0.042,IF(G58="AGENTE RM",'Semana 1'!$J58+0.042,IF(G58="AGENTE APERTURA",'Semana 1'!$J58+0.021,IF(G58="AGENTE CIERRE",'Semana 1'!$J58+0.021," - "))))) -> 16:00 | L58: 0.41666667 | M58: =IF(G58="AGENTE",'Semana 1'!$L58+0.014,IF(G58="REDES",'Semana 1'!$L58+0.014,IF(G58="AGENTE RM",'Semana 1'!$L58+0.014,IF(G58="AGENTE APERTURA",'Semana 1'!$L58+0.014,IF(G58="AGENTE CIERRE",'Semana 1'!$L58+0.014," - "))))) -> 10:20 | N58: 0.1875 | O58: =IF(G58="AGENTE",'Semana 1'!$N58+0.007,IF(G58="REDES",'Semana 1'!$N58+0.007,IF(G58="AGENTE RM",'Semana 1'!$N58+0.007,IF(G58="AGENTE APERTURA",'Semana 1'!$N58+0.007,IF(G58="AGENTE CIERRE",'Semana 1'!$N58+0.007," - "))))) -> 4:40 | P58: =(IFERROR(I58-H58,0)*24)-1 -> 8.0 | Q58: 0.33333333 | R58: =IF(Q58=0,"",Q58+0.209) -> 13:00 | U58: 0.35416667 | V58: =IF(U58=0,"",U58+0.021) -> 9:00 | Y58: =(IFERROR(R58-Q58,0)*24) -> 5.0 | Z58: =$P58 -> 8.0 | AA58: =$P58 -> 8.0 | AB58: =$P58 -> 8.0 | AC58: =$P58 -> 8.0 | AD58: =P58+Z58+AA58+AB58+AC58+Y58 -> 45
B59: 57 | C59: Si | E59: =Personal!G59 -> Ventura Glenda Paola Echeveria Perez | F59: Semana 1 | G59: =Personal!H59 -> AGENTE RM | H59: 0.33333333 | I59: =IF(H59=0," ",IF(Q59=0,(H59+0.417),(H59+0.3756))) -> 17:00 | J59: 0.54166667 | K59: =IF(G59="AGENTE",'Semana 1'!$J59+0.042,IF(G59="REDES",'Semana 1'!$J59+0.042,IF(G59="AGENTE RM",'Semana 1'!$J59+0.042,IF(G59="AGENTE APERTURA",'Semana 1'!$J59+0.021,IF(G59="AGENTE CIERRE",'Semana 1'!$J59+0.021," - "))))) -> 14:00 | L59: 0.38541667 | M59: =IF(G59="AGENTE",'Semana 1'!$L59+0.014,IF(G59="REDES",'Semana 1'!$L59+0.014,IF(G59="AGENTE RM",'Semana 1'!$L59+0.014,IF(G59="AGENTE APERTURA",'Semana 1'!$L59+0.014,IF(G59="AGENTE CIERRE",'Semana 1'!$L59+0.014," - "))))) -> 9:35 | N59: 0.63541667 | O59: =IF(G59="AGENTE",'Semana 1'!$N59+0.007,IF(G59="REDES",'Semana 1'!$N59+0.007,IF(G59="AGENTE RM",'Semana 1'!$N59+0.007,IF(G59="AGENTE APERTURA",'Semana 1'!$N59+0.007,IF(G59="AGENTE CIERRE",'Semana 1'!$N59+0.007," - "))))) -> 15:25 | P59: =(IFERROR(I59-H59,0)*24)-1 -> 8.0 | Q59: 0.33333333 | R59: =IF(Q59=0,"",Q59+0.209) -> 13:00 | U59: 0.39583333 | V59: =IF(U59=0,"",U59+0.021) -> 10:00 | Y59: =(IFERROR(R59-Q59,0)*24) -> 5.0 | Z59: =$P59 -> 8.0 | AA59: =$P59 -> 8.0 | AB59: =$P59 -> 8.0 | AC59: =$P59 -> 8.0 | AD59: =P59+Z59+AA59+AB59+AC59+Y59 -> 45
B60: 58 | C60: Si | E60: =Personal!G60 -> Oscar Rene Ovalle Letran | F60: Semana 1 | G60: =Personal!H60 -> SOPORTE | I60: =IF(H60=0," ",IF(Q60=0,(H60+0.417),(H60+0.3756))) | K60: =IF(G60="AGENTE",'Semana 1'!$J60+0.042,IF(G60="REDES",'Semana 1'!$J60+0.042,IF(G60="AGENTE RM",'Semana 1'!$J60+0.042,IF(G60="AGENTE APERTURA",'Semana 1'!$J60+0.021,IF(G60="AGENTE CIERRE",'Semana 1'!$J60+0.021," - "))))) -> - | M60: =IF(G60="AGENTE",'Semana 1'!$L60+0.014,IF(G60="REDES",'Semana 1'!$L60+0.014,IF(G60="AGENTE RM",'Semana 1'!$L60+0.014,IF(G60="AGENTE APERTURA",'Semana 1'!$L60+0.014,IF(G60="AGENTE CIERRE",'Semana 1'!$L60+0.014," - "))))) -> - | O60: =IF(G60="AGENTE",'Semana 1'!$N60+0.007,IF(G60="REDES",'Semana 1'!$N60+0.007,IF(G60="AGENTE RM",'Semana 1'!$N60+0.007,IF(G60="AGENTE APERTURA",'Semana 1'!$N60+0.007,IF(G60="AGENTE CIERRE",'Semana 1'!$N60+0.007," - "))))) -> - | P60: =(IFERROR(I60-H60,0)*24)-1 -> -1.0 | R60: =IF(Q60=0,"",Q60+0.209) | T60: =IF(G60="AGENTE",'Semana 1'!$S60+0.042,IF(G60="REDES",'Semana 1'!$S60+0.042,IF(G60="AGENTE RM",'Semana 1'!$S60+0.042,IF(G60="AGENTE APERTURA",'Semana 1'!$S60+0.021,IF(G60="AGENTE CIERRE",'Semana 1'!$S60+0.021," - "))))) -> - | V60: =IF(U60=0,"",U60+0.021) | Y60: =(IFERROR(R60-Q60,0)*24) -> 0.0 | Z60: =$P60 -> -1.0 | AA60: =$P60 -> -1.0 | AB60: =$P60 -> -1.0 | AC60: =$P60 -> -1.0 | AD60: =P60+Z60+AA60+AB60+AC60+Y60 -> -5
B61: 59 | C61: Si | E61: =Personal!G61 -> Mariela Edith Torres Figueroa | F61: Semana 1 | G61: =Personal!H61 -> AGENTE | H61: 0.33333333 | I61: =IF(H61=0," ",IF(Q61=0,(H61+0.417),(H61+0.3756))) -> 17:00 | J61: 0.5 | K61: =IF(G61="AGENTE",'Semana 1'!$J61+0.042,IF(G61="REDES",'Semana 1'!$J61+0.042,IF(G61="AGENTE RM",'Semana 1'!$J61+0.042,IF(G61="AGENTE APERTURA",'Semana 1'!$J61+0.021,IF(G61="AGENTE CIERRE",'Semana 1'!$J61+0.021," - "))))) -> 13:00 | L61: 0.38541667 | M61: =IF(G61="AGENTE",'Semana 1'!$L61+0.014,IF(G61="REDES",'Semana 1'!$L61+0.014,IF(G61="AGENTE RM",'Semana 1'!$L61+0.014,IF(G61="AGENTE APERTURA",'Semana 1'!$L61+0.014,IF(G61="AGENTE CIERRE",'Semana 1'!$L61+0.014," - "))))) -> 9:35 | N61: 0.71875 | O61: =IF(G61="AGENTE",'Semana 1'!$N61+0.007,IF(G61="REDES",'Semana 1'!$N61+0.007,IF(G61="AGENTE RM",'Semana 1'!$N61+0.007,IF(G61="AGENTE APERTURA",'Semana 1'!$N61+0.007,IF(G61="AGENTE CIERRE",'Semana 1'!$N61+0.007," - "))))) -> 17:25 | P61: =(IFERROR(I61-H61,0)*24)-1 -> 8.0 | Q61: 0.41666667 | R61: =IF(Q61=0,"",Q61+0.209) -> 15:00 | U61: 0.5 | V61: =IF(U61=0,"",U61+0.021) -> 12:30 | Y61: =(IFERROR(R61-Q61,0)*24) -> 5.0 | Z61: =$P61 -> 8.0 | AA61: =$P61 -> 8.0 | AB61: =$P61 -> 8.0 | AC61: =$P61 -> 8.0 | AD61: =P61+Z61+AA61+AB61+AC61+Y61 -> 45
B62: 60 | C62: Si | E62: =Personal!G62 -> Marlyn Argentina Aguilar Lemus | F62: Semana 1 | G62: =Personal!H62 -> AGENTE | H62: 0.27083333 | I62: =IF(H62=0," ",IF(Q62=0,(H62+0.417),(H62+0.3756))) -> 15:30 | J62: 0.5 | K62: =IF(G62="AGENTE",'Semana 1'!$J62+0.042,IF(G62="REDES",'Semana 1'!$J62+0.042,IF(G62="AGENTE RM",'Semana 1'!$J62+0.042,IF(G62="AGENTE APERTURA",'Semana 1'!$J62+0.021,IF(G62="AGENTE CIERRE",'Semana 1'!$J62+0.021," - "))))) -> 13:00 | L62: 0.35416667 | M62: =IF(G62="AGENTE",'Semana 1'!$L62+0.014,IF(G62="REDES",'Semana 1'!$L62+0.014,IF(G62="AGENTE RM",'Semana 1'!$L62+0.014,IF(G62="AGENTE APERTURA",'Semana 1'!$L62+0.014,IF(G62="AGENTE CIERRE",'Semana 1'!$L62+0.014," - "))))) -> 8:50 | N62: 0.65625 | O62: =IF(G62="AGENTE",'Semana 1'!$N62+0.007,IF(G62="REDES",'Semana 1'!$N62+0.007,IF(G62="AGENTE RM",'Semana 1'!$N62+0.007,IF(G62="AGENTE APERTURA",'Semana 1'!$N62+0.007,IF(G62="AGENTE CIERRE",'Semana 1'!$N62+0.007," - "))))) -> 15:55 | P62: =(IFERROR(I62-H62,0)*24)-1 -> 8.0 | Q62: 0.41666667 | R62: =IF(Q62=0,"",Q62+0.209) -> 15:00 | U62: 0.58333333 | V62: =IF(U62=0,"",U62+0.021) -> 14:30 | Y62: =(IFERROR(R62-Q62,0)*24) -> 5.0 | Z62: =$P62 -> 8.0 | AA62: =$P62 -> 8.0 | AB62: =$P62 -> 8.0 | AC62: =$P62 -> 8.0 | AD62: =P62+Z62+AA62+AB62+AC62+Y62 -> 45
B63: 61 | C63: Si | E63: =Personal!G63 -> Ilse Beatriz Perez Roque | F63: Semana 1 | G63: =Personal!H63 -> AGENTE | H63: 0.33333333 | I63: =IF(H63=0," ",IF(Q63=0,(H63+0.417),(H63+0.3756))) -> 17:00 | J63: 0.58333333 | K63: =IF(G63="AGENTE",'Semana 1'!$J63+0.042,IF(G63="REDES",'Semana 1'!$J63+0.042,IF(G63="AGENTE RM",'Semana 1'!$J63+0.042,IF(G63="AGENTE APERTURA",'Semana 1'!$J63+0.021,IF(G63="AGENTE CIERRE",'Semana 1'!$J63+0.021," - "))))) -> 15:00 | L63: 0.41666667 | M63: =IF(G63="AGENTE",'Semana 1'!$L63+0.014,IF(G63="REDES",'Semana 1'!$L63+0.014,IF(G63="AGENTE RM",'Semana 1'!$L63+0.014,IF(G63="AGENTE APERTURA",'Semana 1'!$L63+0.014,IF(G63="AGENTE CIERRE",'Semana 1'!$L63+0.014," - "))))) -> 10:20 | N63: 0.6875 | O63: =IF(G63="AGENTE",'Semana 1'!$N63+0.007,IF(G63="REDES",'Semana 1'!$N63+0.007,IF(G63="AGENTE RM",'Semana 1'!$N63+0.007,IF(G63="AGENTE APERTURA",'Semana 1'!$N63+0.007,IF(G63="AGENTE CIERRE",'Semana 1'!$N63+0.007," - "))))) -> 16:40 | P63: =(IFERROR(I63-H63,0)*24)-1 -> 8.0 | Q63: 0.39583333 | R63: =IF(Q63=0,"",Q63+0.209) -> 14:30 | U63: 0.54166667 | V63: =IF(U63=0,"",U63+0.021) -> 13:30 | Y63: =(IFERROR(R63-Q63,0)*24) -> 5.0 | Z63: =$P63 -> 8.0 | AA63: =$P63 -> 8.0 | AB63: =$P63 -> 8.0 | AC63: =$P63 -> 8.0 | AD63: =P63+Z63+AA63+AB63+AC63+Y63 -> 45
B64: 62 | C64: No | E64: =Personal!G64 -> - | F64: Semana 1 | G64: =Personal!H64 -> - | I64: =IF(H64=0," ",IF(Q64=0,(H64+0.417),(H64+0.3756))) | K64: =IF(G64="AGENTE",'Semana 1'!$J64+0.042,IF(G64="REDES",'Semana 1'!$J64+0.042,IF(G64="AGENTE RM",'Semana 1'!$J64+0.042,IF(G64="AGENTE APERTURA",'Semana 1'!$J64+0.021,IF(G64="AGENTE CIERRE",'Semana 1'!$J64+0.021," - "))))) -> - | M64: =IF(G64="AGENTE",'Semana 1'!$L64+0.014,IF(G64="REDES",'Semana 1'!$L64+0.014,IF(G64="AGENTE RM",'Semana 1'!$L64+0.014,IF(G64="AGENTE APERTURA",'Semana 1'!$L64+0.014,IF(G64="AGENTE CIERRE",'Semana 1'!$L64+0.014," - "))))) -> - | O64: =IF(G64="AGENTE",'Semana 1'!$N64+0.007,IF(G64="REDES",'Semana 1'!$N64+0.007,IF(G64="AGENTE RM",'Semana 1'!$N64+0.007,IF(G64="AGENTE APERTURA",'Semana 1'!$N64+0.007,IF(G64="AGENTE CIERRE",'Semana 1'!$N64+0.007," - "))))) -> - | P64: =(IFERROR(I64-H64,0)*24)-1 -> -1.0 | T64: =IF(G64="AGENTE",'Semana 1'!$S64+0.042,IF(G64="REDES",'Semana 1'!$S64+0.042,IF(G64="AGENTE RM",'Semana 1'!$S64+0.042,IF(G64="AGENTE APERTURA",'Semana 1'!$S64+0.021,IF(G64="AGENTE CIERRE",'Semana 1'!$S64+0.021," - "))))) -> - | V64: =IF(U64=0,"",U64+0.021) | Y64: =(IFERROR(R64-Q64,0)*24) -> 0.0 | Z64: =$P64 -> -1.0 | AA64: =$P64 -> -1.0 | AB64: =$P64 -> -1.0 | AC64: =$P64 -> -1.0 | AD64: =P64+Z64+AA64+AB64+AC64+Y64 -> -5
B65: 63 | C65: No | E65: =Personal!G65 -> - | F65: Semana 1 | G65: =Personal!H65 -> - | K65: =IF(G65="AGENTE",'Semana 1'!$J65+0.042,IF(G65="REDES",'Semana 1'!$J65+0.042,IF(G65="AGENTE RM",'Semana 1'!$J65+0.042,IF(G65="AGENTE APERTURA",'Semana 1'!$J65+0.021,IF(G65="AGENTE CIERRE",'Semana 1'!$J65+0.021," - "))))) -> - | M65: =IF(G65="AGENTE",'Semana 1'!$L65+0.014,IF(G65="REDES",'Semana 1'!$L65+0.014,IF(G65="AGENTE RM",'Semana 1'!$L65+0.014,IF(G65="AGENTE APERTURA",'Semana 1'!$L65+0.014,IF(G65="AGENTE CIERRE",'Semana 1'!$L65+0.014," - "))))) -> - | O65: =IF(G65="AGENTE",'Semana 1'!$N65+0.007,IF(G65="REDES",'Semana 1'!$N65+0.007,IF(G65="AGENTE RM",'Semana 1'!$N65+0.007,IF(G65="AGENTE APERTURA",'Semana 1'!$N65+0.007,IF(G65="AGENTE CIERRE",'Semana 1'!$N65+0.007," - "))))) -> - | P65: =(IFERROR(I65-H65,0)*24)-1 -> -1.0 | T65: =IF(G65="AGENTE",'Semana 1'!$S65+0.042,IF(G65="REDES",'Semana 1'!$S65+0.042,IF(G65="AGENTE RM",'Semana 1'!$S65+0.042,IF(G65="AGENTE APERTURA",'Semana 1'!$S65+0.021,IF(G65="AGENTE CIERRE",'Semana 1'!$S65+0.021," - "))))) -> - | Y65: =(IFERROR(R65-Q65,0)*24) -> 0.0 | Z65: =$P65 -> -1.0 | AA65: =$P65 -> -1.0 | AB65: =$P65 -> -1.0 | AC65: =$P65 -> -1.0 | AD65: =P65+Z65+AA65+AB65+AC65+Y65 -> -5
B66: 64 | C66: No | E66: =Personal!G66 -> - | F66: Semana 1 | G66: =Personal!H66 -> - | K66: =IF(G66="AGENTE",'Semana 1'!$J66+0.042,IF(G66="REDES",'Semana 1'!$J66+0.042,IF(G66="AGENTE RM",'Semana 1'!$J66+0.042,IF(G66="AGENTE APERTURA",'Semana 1'!$J66+0.021,IF(G66="AGENTE CIERRE",'Semana 1'!$J66+0.021," - "))))) -> - | M66: =IF(G66="AGENTE",'Semana 1'!$L66+0.014,IF(G66="REDES",'Semana 1'!$L66+0.014,IF(G66="AGENTE RM",'Semana 1'!$L66+0.014,IF(G66="AGENTE APERTURA",'Semana 1'!$L66+0.014,IF(G66="AGENTE CIERRE",'Semana 1'!$L66+0.014," - "))))) -> - | O66: =IF(G66="AGENTE",'Semana 1'!$N66+0.007,IF(G66="REDES",'Semana 1'!$N66+0.007,IF(G66="AGENTE RM",'Semana 1'!$N66+0.007,IF(G66="AGENTE APERTURA",'Semana 1'!$N66+0.007,IF(G66="AGENTE CIERRE",'Semana 1'!$N66+0.007," - "))))) -> - | P66: =(IFERROR(I66-H66,0)*24)-1 -> -1.0 | T66: =IF(G66="AGENTE",'Semana 1'!$S66+0.042,IF(G66="REDES",'Semana 1'!$S66+0.042,IF(G66="AGENTE RM",'Semana 1'!$S66+0.042,IF(G66="AGENTE APERTURA",'Semana 1'!$S66+0.021,IF(G66="AGENTE CIERRE",'Semana 1'!$S66+0.021," - "))))) -> - | Y66: =(IFERROR(R66-Q66,0)*24) -> 0.0 | Z66: =$P66 -> -1.0 | AA66: =$P66 -> -1.0 | AB66: =$P66 -> -1.0 | AC66: =$P66 -> -1.0 | AD66: =P66+Z66+AA66+AB66+AC66+Y66 -> -5
B67: 65 | C67: Si | E67: =Personal!G67 -> Selvin Manolo Rajpop Ajuchan | F67: Semana 1 | G67: =Personal!H67 -> AGENTE | H67: 0.33333333 | I67: =IF(H67=0," ",IF(Q67=0,(H67+0.417),(H67+0.3756))) -> 17:00 | J67: 0.54166667 | K67: =IF(G67="AGENTE",'Semana 1'!$J67+0.042,IF(G67="REDES",'Semana 1'!$J67+0.042,IF(G67="AGENTE RM",'Semana 1'!$J67+0.042,IF(G67="AGENTE APERTURA",'Semana 1'!$J67+0.021,IF(G67="AGENTE CIERRE",'Semana 1'!$J67+0.021," - "))))) -> 14:00 | L67: 0.38541667 | M67: =IF(G67="AGENTE",'Semana 1'!$L67+0.014,IF(G67="REDES",'Semana 1'!$L67+0.014,IF(G67="AGENTE RM",'Semana 1'!$L67+0.014,IF(G67="AGENTE APERTURA",'Semana 1'!$L67+0.014,IF(G67="AGENTE CIERRE",'Semana 1'!$L67+0.014," - "))))) -> 9:35 | N67: 0.69791667 | O67: =IF(G67="AGENTE",'Semana 1'!$N67+0.007,IF(G67="REDES",'Semana 1'!$N67+0.007,IF(G67="AGENTE RM",'Semana 1'!$N67+0.007,IF(G67="AGENTE APERTURA",'Semana 1'!$N67+0.007,IF(G67="AGENTE CIERRE",'Semana 1'!$N67+0.007," - "))))) -> 16:55 | P67: =(IFERROR(I67-H67,0)*24)-1 -> 8.0 | Q67: 0.35416667 | R67: =IF(Q67=0,"",Q67+0.209) -> 13:30 | U67: 0.35416667 | V67: =IF(U67=0,"",U67+0.021) -> 9:00 | Y67: =(IFERROR(R67-Q67,0)*24) -> 5.0 | Z67: =$P67 -> 8.0 | AA67: =$P67 -> 8.0 | AB67: =$P67 -> 8.0 | AC67: =$P67 -> 8.0 | AD67: =P67+Z67+AA67+AB67+AC67+Y67 -> 45
B68: 66 | C68: Si | E68: =Personal!G68 -> Abner Alexander Curruchich Diaz | F68: Semana 1 | G68: =Personal!H68 -> AGENTE | H68: 0.66666667 | I68: 0.95833333 | J68: 0.875 | K68: 0.89583333 | L68: 0.89583333 | M68: =IF(G68="AGENTE",'Semana 1'!$L68+0.014,IF(G68="REDES",'Semana 1'!$L68+0.014,IF(G68="AGENTE RM",'Semana 1'!$L68+0.014,IF(G68="AGENTE APERTURA",'Semana 1'!$L68+0.014,IF(G68="AGENTE CIERRE",'Semana 1'!$L68+0.014," - "))))) -> 21:50 | N68: 0.90972222 | O68: =IF(G68="AGENTE",'Semana 1'!$N68+0.007,IF(G68="REDES",'Semana 1'!$N68+0.007,IF(G68="AGENTE RM",'Semana 1'!$N68+0.007,IF(G68="AGENTE APERTURA",'Semana 1'!$N68+0.007,IF(G68="AGENTE CIERRE",'Semana 1'!$N68+0.007," - "))))) -> 22:00 | P68: =(IFERROR(I68-H68,0)*24)-1 -> 6.0 | Q68: 0.66666667 | R68: 0.95833333 | S68: 0.875 | T68: 0.89583333 | U68: 0.89583333 | V68: 0.90983333 | W68: 0.90972222 | X68: 0.91672222 | Y68: =(IFERROR(R68-Q68,0)*24)-1 -> 6.0 | Z68: =$P68 -> 6.0 | AA68: =$P68 -> 6.0 | AB68: =$P68 -> 6.0 | AC68: =$P68 -> 6.0 | AD68: =P68+Z68+AA68+AB68+AC68+Y68 -> 36
B69: 67 | C69: Si | E69: =Personal!G69 -> Cindi Yorleni Godinez Siles de Eguizabal | F69: Semana 1 | G69: =Personal!H69 -> AGENTE | H69: 0.41666667 | I69: =IF(H69=0," ",IF(Q69=0,(H69+0.417),(H69+0.3756))) -> 19:00 | J69: 0.625 | K69: =IF(G69="AGENTE",'Semana 1'!$J69+0.042,IF(G69="REDES",'Semana 1'!$J69+0.042,IF(G69="AGENTE RM",'Semana 1'!$J69+0.042,IF(G69="AGENTE APERTURA",'Semana 1'!$J69+0.021,IF(G69="AGENTE CIERRE",'Semana 1'!$J69+0.021," - "))))) -> 16:00 | L69: 0.46875 | M69: =IF(G69="AGENTE",'Semana 1'!$L69+0.014,IF(G69="REDES",'Semana 1'!$L69+0.014,IF(G69="AGENTE RM",'Semana 1'!$L69+0.014,IF(G69="AGENTE APERTURA",'Semana 1'!$L69+0.014,IF(G69="AGENTE CIERRE",'Semana 1'!$L69+0.014," - "))))) -> 11:35 | N69: 0.6875 | O69: =IF(G69="AGENTE",'Semana 1'!$N69+0.007,IF(G69="REDES",'Semana 1'!$N69+0.007,IF(G69="AGENTE RM",'Semana 1'!$N69+0.007,IF(G69="AGENTE APERTURA",'Semana 1'!$N69+0.007,IF(G69="AGENTE CIERRE",'Semana 1'!$N69+0.007," - "))))) -> 16:40 | P69: =(IFERROR(I69-H69,0)*24)-1 -> 8.0 | Q69: 0.45833333 | R69: =IF(Q69=0,"",Q69+0.209) -> 16:00 | U69: 0.54166667 | V69: =IF(U69=0,"",U69+0.021) -> 13:30 | Y69: =(IFERROR(R69-Q69,0)*24) -> 5.0 | Z69: =$P69 -> 8.0 | AA69: =$P69 -> 8.0 | AB69: =$P69 -> 8.0 | AC69: =$P69 -> 8.0 | AD69: =P69+Z69+AA69+AB69+AC69+Y69 -> 45
B70: 68 | C70: Si | E70: =Personal!G70 -> Lleny Yolanda Asetun Jeronimo de Mateo | F70: Semana 1 | G70: =Personal!H70 -> AGENTE | H70: 0.33333333 | I70: =IF(H70=0," ",IF(Q70=0,(H70+0.417),(H70+0.3756))) -> 17:00 | J70: 0.54166667 | K70: =IF(G70="AGENTE",'Semana 1'!$J70+0.042,IF(G70="REDES",'Semana 1'!$J70+0.042,IF(G70="AGENTE RM",'Semana 1'!$J70+0.042,IF(G70="AGENTE APERTURA",'Semana 1'!$J70+0.021,IF(G70="AGENTE CIERRE",'Semana 1'!$J70+0.021," - "))))) -> 14:00 | L70: 0.39583333 | M70: =IF(G70="AGENTE",'Semana 1'!$L70+0.014,IF(G70="REDES",'Semana 1'!$L70+0.014,IF(G70="AGENTE RM",'Semana 1'!$L70+0.014,IF(G70="AGENTE APERTURA",'Semana 1'!$L70+0.014,IF(G70="AGENTE CIERRE",'Semana 1'!$L70+0.014," - "))))) -> 9:50 | N70: 0.67708333 | O70: =IF(G70="AGENTE",'Semana 1'!$N70+0.007,IF(G70="REDES",'Semana 1'!$N70+0.007,IF(G70="AGENTE RM",'Semana 1'!$N70+0.007,IF(G70="AGENTE APERTURA",'Semana 1'!$N70+0.007,IF(G70="AGENTE CIERRE",'Semana 1'!$N70+0.007," - "))))) -> 16:25 | P70: =(IFERROR(I70-H70,0)*24)-1 -> 8.0 | Q70: 0.54166667 | R70: =IF(Q70=0,"",Q70+0.209) -> 18:00 | U70: 0.64583333 | V70: =IF(U70=0,"",U70+0.021) -> 16:00 | Y70: =(IFERROR(R70-Q70,0)*24) -> 5.0 | Z70: =$P70 -> 8.0 | AA70: =$P70 -> 8.0 | AB70: =$P70 -> 8.0 | AC70: =$P70 -> 8.0 | AD70: =P70+Z70+AA70+AB70+AC70+Y70 -> 45
B71: 69 | C71: Si | E71: =Personal!G71 -> Ruth Nohemi Rosales Perez | F71: Semana 1 | G71: =Personal!H71 -> AGENTE | H71: 0.29166667 | I71: =IF(H71=0," ",IF(Q71=0,(H71+0.417),(H71+0.3756))) -> 16:00 | J71: 0.5 | K71: =IF(G71="AGENTE",'Semana 1'!$J71+0.042,IF(G71="REDES",'Semana 1'!$J71+0.042,IF(G71="AGENTE RM",'Semana 1'!$J71+0.042,IF(G71="AGENTE APERTURA",'Semana 1'!$J71+0.021,IF(G71="AGENTE CIERRE",'Semana 1'!$J71+0.021," - "))))) -> 13:00 | L71: 0.36458333 | M71: =IF(G71="AGENTE",'Semana 1'!$L71+0.014,IF(G71="REDES",'Semana 1'!$L71+0.014,IF(G71="AGENTE RM",'Semana 1'!$L71+0.014,IF(G71="AGENTE APERTURA",'Semana 1'!$L71+0.014,IF(G71="AGENTE CIERRE",'Semana 1'!$L71+0.014," - "))))) -> 9:05 | N71: 0.64583333 | O71: =IF(G71="AGENTE",'Semana 1'!$N71+0.007,IF(G71="REDES",'Semana 1'!$N71+0.007,IF(G71="AGENTE RM",'Semana 1'!$N71+0.007,IF(G71="AGENTE APERTURA",'Semana 1'!$N71+0.007,IF(G71="AGENTE CIERRE",'Semana 1'!$N71+0.007," - "))))) -> 15:40 | P71: =(IFERROR(I71-H71,0)*24)-1 -> 8.0 | Q71: 0.45833333 | R71: =IF(Q71=0,"",Q71+0.209) -> 16:00 | U71: 0.5 | V71: =IF(U71=0,"",U71+0.021) -> 12:30 | Y71: =(IFERROR(R71-Q71,0)*24) -> 5.0 | Z71: =$P71 -> 8.0 | AA71: =$P71 -> 8.0 | AB71: =$P71 -> 8.0 | AC71: =$P71 -> 8.0 | AD71: =P71+Z71+AA71+AB71+AC71+Y71 -> 45
B72: 70 | C72: Si | E72: =Personal!G72 -> Erick Alejandro Avea Rivera | F72: Semana 1 | G72: =Personal!H72 -> AGENTE | H72: 0.41666667 | I72: =IF(H72=0," ",IF(Q72=0,(H72+0.417),(H72+0.3756))) -> 19:00 | J72: 0.625 | K72: =IF(G72="AGENTE",'Semana 1'!$J72+0.042,IF(G72="REDES",'Semana 1'!$J72+0.042,IF(G72="AGENTE RM",'Semana 1'!$J72+0.042,IF(G72="AGENTE APERTURA",'Semana 1'!$J72+0.021,IF(G72="AGENTE CIERRE",'Semana 1'!$J72+0.021," - "))))) -> 16:00 | L72: 0.47916667 | M72: =IF(G72="AGENTE",'Semana 1'!$L72+0.014,IF(G72="REDES",'Semana 1'!$L72+0.014,IF(G72="AGENTE RM",'Semana 1'!$L72+0.014,IF(G72="AGENTE APERTURA",'Semana 1'!$L72+0.014,IF(G72="AGENTE CIERRE",'Semana 1'!$L72+0.014," - "))))) -> 11:50 | N72: 0.69791667 | O72: =IF(G72="AGENTE",'Semana 1'!$N72+0.007,IF(G72="REDES",'Semana 1'!$N72+0.007,IF(G72="AGENTE RM",'Semana 1'!$N72+0.007,IF(G72="AGENTE APERTURA",'Semana 1'!$N72+0.007,IF(G72="AGENTE CIERRE",'Semana 1'!$N72+0.007," - "))))) -> 16:55 | P72: =(IFERROR(I72-H72,0)*24)-1 -> 8.0 | Q72: 0.5 | R72: =IF(Q72=0,"",Q72+0.209) -> 17:00 | U72: 0.58333333 | V72: =IF(U72=0,"",U72+0.021) -> 14:30 | Y72: =(IFERROR(R72-Q72,0)*24) -> 5.0 | Z72: =$P72 -> 8.0 | AA72: =$P72 -> 8.0 | AB72: =$P72 -> 8.0 | AC72: =$P72 -> 8.0 | AD72: =P72+Z72+AA72+AB72+AC72+Y72 -> 45
B73: 71 | C73: Si | E73: =Personal!G73 -> Johanna Elizabeth Rodriguez Bustamante | F73: Semana 1 | G73: =Personal!H73 -> AGENTE | H73: 0.33333333 | I73: =IF(H73=0," ",IF(Q73=0,(H73+0.417),(H73+0.3756))) -> 17:00 | J73: 0.54166667 | K73: =IF(G73="AGENTE",'Semana 1'!$J73+0.042,IF(G73="REDES",'Semana 1'!$J73+0.042,IF(G73="AGENTE RM",'Semana 1'!$J73+0.042,IF(G73="AGENTE APERTURA",'Semana 1'!$J73+0.021,IF(G73="AGENTE CIERRE",'Semana 1'!$J73+0.021," - "))))) -> 14:00 | L73: 0.40625 | M73: =IF(G73="AGENTE",'Semana 1'!$L73+0.014,IF(G73="REDES",'Semana 1'!$L73+0.014,IF(G73="AGENTE RM",'Semana 1'!$L73+0.014,IF(G73="AGENTE APERTURA",'Semana 1'!$L73+0.014,IF(G73="AGENTE CIERRE",'Semana 1'!$L73+0.014," - "))))) -> 10:05 | N73: 0.67708333 | O73: =IF(G73="AGENTE",'Semana 1'!$N73+0.007,IF(G73="REDES",'Semana 1'!$N73+0.007,IF(G73="AGENTE RM",'Semana 1'!$N73+0.007,IF(G73="AGENTE APERTURA",'Semana 1'!$N73+0.007,IF(G73="AGENTE CIERRE",'Semana 1'!$N73+0.007," - "))))) -> 16:25 | P73: =(IFERROR(I73-H73,0)*24)-1 -> 8.0 | Q73: 0.54166667 | R73: =IF(Q73=0,"",Q73+0.209) -> 18:00 | U73: 0.625 | V73: =IF(U73=0,"",U73+0.021) -> 15:30 | Y73: =(IFERROR(R73-Q73,0)*24) -> 5.0 | Z73: =$P73 -> 8.0 | AA73: =$P73 -> 8.0 | AB73: =$P73 -> 8.0 | AC73: =$P73 -> 8.0 | AD73: =P73+Z73+AA73+AB73+AC73+Y73 -> 45
B74: 72 | C74: Si | E74: =Personal!G74 -> Rosbin Omar Salazar Pacay | F74: Semana 1 | G74: =Personal!H74 -> AGENTE | H74: 0.33333333 | I74: =IF(H74=0," ",IF(Q74=0,(H74+0.417),(H74+0.3756))) -> 17:00 | J74: 0.58333333 | K74: =IF(G74="AGENTE",'Semana 1'!$J74+0.042,IF(G74="REDES",'Semana 1'!$J74+0.042,IF(G74="AGENTE RM",'Semana 1'!$J74+0.042,IF(G74="AGENTE APERTURA",'Semana 1'!$J74+0.021,IF(G74="AGENTE CIERRE",'Semana 1'!$J74+0.021," - "))))) -> 15:00 | L74: 0.39583333 | M74: =IF(G74="AGENTE",'Semana 1'!$L74+0.014,IF(G74="REDES",'Semana 1'!$L74+0.014,IF(G74="AGENTE RM",'Semana 1'!$L74+0.014,IF(G74="AGENTE APERTURA",'Semana 1'!$L74+0.014,IF(G74="AGENTE CIERRE",'Semana 1'!$L74+0.014," - "))))) -> 9:50 | N74: 0.66666667 | O74: =IF(G74="AGENTE",'Semana 1'!$N74+0.007,IF(G74="REDES",'Semana 1'!$N74+0.007,IF(G74="AGENTE RM",'Semana 1'!$N74+0.007,IF(G74="AGENTE APERTURA",'Semana 1'!$N74+0.007,IF(G74="AGENTE CIERRE",'Semana 1'!$N74+0.007," - "))))) -> 16:10 | P74: =(IFERROR(I74-H74,0)*24)-1 -> 8.0 | Q74: 0.54166667 | R74: =IF(Q74=0,"",Q74+0.209) -> 18:00 | U74: 0.60416667 | V74: =IF(U74=0,"",U74+0.021) -> 15:00 | Y74: =(IFERROR(R74-Q74,0)*24) -> 5.0 | Z74: =$P74 -> 8.0 | AA74: =$P74 -> 8.0 | AB74: =$P74 -> 8.0 | AC74: =$P74 -> 8.0 | AD74: =P74+Z74+AA74+AB74+AC74+Y74 -> 45
B75: 73 | C75: Si | E75: =Personal!G75 -> - | F75: Semana 1 | G75: - | K75: =IF(G75="AGENTE",'Semana 1'!$J75+0.042,IF(G75="REDES",'Semana 1'!$J75+0.042,IF(G75="AGENTE RM",'Semana 1'!$J75+0.042,IF(G75="AGENTE APERTURA",'Semana 1'!$J75+0.021,IF(G75="AGENTE CIERRE",'Semana 1'!$J75+0.021," - "))))) -> - | M75: =IF(G75="AGENTE",'Semana 1'!$L75+0.014,IF(G75="REDES",'Semana 1'!$L75+0.014,IF(G75="AGENTE RM",'Semana 1'!$L75+0.014,IF(G75="AGENTE APERTURA",'Semana 1'!$L75+0.014,IF(G75="AGENTE CIERRE",'Semana 1'!$L75+0.014," - "))))) -> - | O75: =IF(G75="AGENTE",'Semana 1'!$N75+0.007,IF(G75="REDES",'Semana 1'!$N75+0.007,IF(G75="AGENTE RM",'Semana 1'!$N75+0.007,IF(G75="AGENTE APERTURA",'Semana 1'!$N75+0.007,IF(G75="AGENTE CIERRE",'Semana 1'!$N75+0.007," - "))))) -> - | P75: =(IFERROR(I75-H75,0)*24)-1 -> -1.0 | T75: =IF(G75="AGENTE",'Semana 1'!$S75+0.042,IF(G75="REDES",'Semana 1'!$S75+0.042,IF(G75="AGENTE RM",'Semana 1'!$S75+0.042,IF(G75="AGENTE APERTURA",'Semana 1'!$S75+0.021,IF(G75="AGENTE CIERRE",'Semana 1'!$S75+0.021," - "))))) -> - | Y75: =(IFERROR(R75-Q75,0)*24) -> 0.0 | Z75: =$P75 -> -1.0 | AA75: =$P75 -> -1.0 | AB75: =$P75 -> -1.0 | AC75: =$P75 -> -1.0 | AD75: =P75+Z75+AA75+AB75+AC75+Y75 -> -5
B76: 74 | C76: Si | E76: =Personal!G76 -> Cristian Manuel Lopez Chavez | F76: Semana 1 | G76: =Personal!H76 -> AGENTE | H76: 0.29166667 | I76: =IF(H76=0," ",IF(Q76=0,(H76+0.417),(H76+0.3756))) -> 16:00 | J76: 0.5 | K76: =IF(G76="AGENTE",'Semana 1'!$J76+0.042,IF(G76="REDES",'Semana 1'!$J76+0.042,IF(G76="AGENTE RM",'Semana 1'!$J76+0.042,IF(G76="AGENTE APERTURA",'Semana 1'!$J76+0.021,IF(G76="AGENTE CIERRE",'Semana 1'!$J76+0.021," - "))))) -> 13:00 | L76: 0.36458333 | M76: =IF(G76="AGENTE",'Semana 1'!$L76+0.014,IF(G76="REDES",'Semana 1'!$L76+0.014,IF(G76="AGENTE RM",'Semana 1'!$L76+0.014,IF(G76="AGENTE APERTURA",'Semana 1'!$L76+0.014,IF(G76="AGENTE CIERRE",'Semana 1'!$L76+0.014," - "))))) -> 9:05 | N76: 0.64583333 | O76: =IF(G76="AGENTE",'Semana 1'!$N76+0.007,IF(G76="REDES",'Semana 1'!$N76+0.007,IF(G76="AGENTE RM",'Semana 1'!$N76+0.007,IF(G76="AGENTE APERTURA",'Semana 1'!$N76+0.007,IF(G76="AGENTE CIERRE",'Semana 1'!$N76+0.007," - "))))) -> 15:40 | P76: =(IFERROR(I76-H76,0)*24)-1 -> 8.0 | Q76: 0.5 | R76: =IF(Q76=0,"",Q76+0.209) -> 17:00 | U76: 0.5 | V76: =IF(U76=0,"",U76+0.021) -> 12:30 | Y76: =(IFERROR(R76-Q76,0)*24) -> 5.0 | Z76: =$P76 -> 8.0 | AA76: =$P76 -> 8.0 | AB76: =$P76 -> 8.0 | AC76: =$P76 -> 8.0 | AD76: =P76+Z76+AA76+AB76+AC76+Y76 -> 45
B77: 75 | C77: Si | E77: =Personal!G77 -> - | F77: Semana 1 | G77: - | K77: =IF(G77="AGENTE",'Semana 1'!$J77+0.042,IF(G77="REDES",'Semana 1'!$J77+0.042,IF(G77="AGENTE RM",'Semana 1'!$J77+0.042,IF(G77="AGENTE APERTURA",'Semana 1'!$J77+0.021,IF(G77="AGENTE CIERRE",'Semana 1'!$J77+0.021," - "))))) -> - | M77: =IF(G77="AGENTE",'Semana 1'!$L77+0.014,IF(G77="REDES",'Semana 1'!$L77+0.014,IF(G77="AGENTE RM",'Semana 1'!$L77+0.014,IF(G77="AGENTE APERTURA",'Semana 1'!$L77+0.014,IF(G77="AGENTE CIERRE",'Semana 1'!$L77+0.014," - "))))) -> - | O77: =IF(G77="AGENTE",'Semana 1'!$N77+0.007,IF(G77="REDES",'Semana 1'!$N77+0.007,IF(G77="AGENTE RM",'Semana 1'!$N77+0.007,IF(G77="AGENTE APERTURA",'Semana 1'!$N77+0.007,IF(G77="AGENTE CIERRE",'Semana 1'!$N77+0.007," - "))))) -> - | P77: =(IFERROR(I77-H77,0)*24)-1 -> -1.0 | T77: =IF(G77="AGENTE",'Semana 1'!$S77+0.042,IF(G77="REDES",'Semana 1'!$S77+0.042,IF(G77="AGENTE RM",'Semana 1'!$S77+0.042,IF(G77="AGENTE APERTURA",'Semana 1'!$S77+0.021,IF(G77="AGENTE CIERRE",'Semana 1'!$S77+0.021," - "))))) -> - | Y77: =(IFERROR(R77-Q77,0)*24) -> 0.0 | Z77: =$P77 -> -1.0 | AA77: =$P77 -> -1.0 | AB77: =$P77 -> -1.0 | AC77: =$P77 -> -1.0 | AD77: =P77+Z77+AA77+AB77+AC77+Y77 -> -5
B78: 76 | C78: Si | E78: =Personal!G78 -> Melanee Sucely Lopez Castro | F78: Semana 1 | G78: =Personal!H78 -> AGENTE | H78: 0.3125 | I78: =IF(H78=0," ",IF(Q78=0,(H78+0.417),(H78+0.3756))) -> 16:30 | J78: 0.54166667 | K78: =IF(G78="AGENTE",'Semana 1'!$J78+0.042,IF(G78="REDES",'Semana 1'!$J78+0.042,IF(G78="AGENTE RM",'Semana 1'!$J78+0.042,IF(G78="AGENTE APERTURA",'Semana 1'!$J78+0.021,IF(G78="AGENTE CIERRE",'Semana 1'!$J78+0.021," - "))))) -> 14:00 | L78: 0.36458333 | M78: =IF(G78="AGENTE",'Semana 1'!$L78+0.014,IF(G78="REDES",'Semana 1'!$L78+0.014,IF(G78="AGENTE RM",'Semana 1'!$L78+0.014,IF(G78="AGENTE APERTURA",'Semana 1'!$L78+0.014,IF(G78="AGENTE CIERRE",'Semana 1'!$L78+0.014," - "))))) -> 9:05 | N78: 0.625 | O78: =IF(G78="AGENTE",'Semana 1'!$N78+0.007,IF(G78="REDES",'Semana 1'!$N78+0.007,IF(G78="AGENTE RM",'Semana 1'!$N78+0.007,IF(G78="AGENTE APERTURA",'Semana 1'!$N78+0.007,IF(G78="AGENTE CIERRE",'Semana 1'!$N78+0.007," - "))))) -> 15:10 | P78: =(IFERROR(I78-H78,0)*24)-1 -> 8.0 | Q78: 0.33333333 | R78: =IF(Q78=0,"",Q78+0.209) -> 13:00 | U78: 0.41666667 | V78: =IF(U78=0,"",U78+0.021) -> 10:30 | Y78: =(IFERROR(R78-Q78,0)*24) -> 5.0 | Z78: =$P78 -> 8.0 | AA78: =$P78 -> 8.0 | AB78: =$P78 -> 8.0 | AC78: =$P78 -> 8.0 | AD78: =P78+Z78+AA78+AB78+AC78+Y78 -> 45
B79: 77 | C79: Si | E79: =Personal!G79 -> Byron Estuardo Grijalva Salguero | F79: Semana 1 | G79: =Personal!H79 -> AGENTE | H79: 0.375 | I79: =IF(H79=0," ",IF(Q79=0,(H79+0.417),(H79+0.3756))) -> 18:00 | J79: 0.58333333 | K79: =IF(G79="AGENTE",'Semana 1'!$J79+0.042,IF(G79="REDES",'Semana 1'!$J79+0.042,IF(G79="AGENTE RM",'Semana 1'!$J79+0.042,IF(G79="AGENTE APERTURA",'Semana 1'!$J79+0.021,IF(G79="AGENTE CIERRE",'Semana 1'!$J79+0.021," - "))))) -> 15:00 | L79: 0.40625 | M79: =IF(G79="AGENTE",'Semana 1'!$L79+0.014,IF(G79="REDES",'Semana 1'!$L79+0.014,IF(G79="AGENTE RM",'Semana 1'!$L79+0.014,IF(G79="AGENTE APERTURA",'Semana 1'!$L79+0.014,IF(G79="AGENTE CIERRE",'Semana 1'!$L79+0.014," - "))))) -> 10:05 | N79: 0.69791667 | O79: =IF(G79="AGENTE",'Semana 1'!$N79+0.007,IF(G79="REDES",'Semana 1'!$N79+0.007,IF(G79="AGENTE RM",'Semana 1'!$N79+0.007,IF(G79="AGENTE APERTURA",'Semana 1'!$N79+0.007,IF(G79="AGENTE CIERRE",'Semana 1'!$N79+0.007," - "))))) -> 16:55 | P79: =(IFERROR(I79-H79,0)*24)-1 -> 8.0 | Q79: 0.29166667 | R79: =IF(Q79=0,"",Q79+0.209) -> 12:00 | U79: 0.39583333 | V79: =IF(U79=0,"",U79+0.021) -> 10:00 | Y79: =(IFERROR(R79-Q79,0)*24) -> 5.0 | Z79: =$P79 -> 8.0 | AA79: =$P79 -> 8.0 | AB79: =$P79 -> 8.0 | AC79: =$P79 -> 8.0 | AD79: =P79+Z79+AA79+AB79+AC79+Y79 -> 45
B80: 78 | C80: Si | E80: =Personal!G80 -> Katherine Johana Chavez Deleon | F80: Semana 1 | G80: =Personal!H80 -> AGENTE CIERRE | H80: 0.66666667 | I80: 0.95833333 | J80: 0.91666667 | K80: =IF(G80="AGENTE",'Semana 1'!$J80+0.042,IF(G80="REDES",'Semana 1'!$J80+0.042,IF(G80="AGENTE RM",'Semana 1'!$J80+0.042,IF(G80="AGENTE APERTURA",'Semana 1'!$J80+0.021,IF(G80="AGENTE CIERRE",'Semana 1'!$J80+0.021," - "))))) -> 22:30 | L80: 0.9375 | M80: =IF(G80="AGENTE",'Semana 1'!$L80+0.014,IF(G80="REDES",'Semana 1'!$L80+0.014,IF(G80="AGENTE RM",'Semana 1'!$L80+0.014,IF(G80="AGENTE APERTURA",'Semana 1'!$L80+0.014,IF(G80="AGENTE CIERRE",'Semana 1'!$L80+0.014," - "))))) -> 22:50 | N80: 0.95138889 | O80: =IF(G80="AGENTE",'Semana 1'!$N80+0.007,IF(G80="REDES",'Semana 1'!$N80+0.007,IF(G80="AGENTE RM",'Semana 1'!$N80+0.007,IF(G80="AGENTE APERTURA",'Semana 1'!$N80+0.007,IF(G80="AGENTE CIERRE",'Semana 1'!$N80+0.007," - "))))) -> 23:00 | P80: =(IFERROR(I80-H80,0)*24)-1 -> 6.0 | Q80: 0.66666667 | R80: 0.95833333 | S80: 0.91666667 | T80: 0.93766667 | U80: 0.9375 | V80: 0.9515 | W80: 0.95138889 | X80: 0.95838889 | Y80: =(IFERROR(R80-Q80,0)*24)-1 -> 6.0 | Z80: =$P80 -> 6.0 | AA80: =$P80 -> 6.0 | AB80: =$P80 -> 6.0 | AC80: =$P80 -> 6.0 | AD80: =P80+Z80+AA80+AB80+AC80+Y80 -> 36
B81: 79 | C81: Si | E81: =Personal!G81 -> Cinthia Marbelly Lopez Zelada | F81: Semana 1 | G81: =Personal!H81 -> AGENTE | H81: 0.375 | I81: =IF(H81=0," ",IF(Q81=0,(H81+0.417),(H81+0.3756))) -> 18:00 | J81: 0.58333333 | K81: =IF(G81="AGENTE",'Semana 1'!$J81+0.042,IF(G81="REDES",'Semana 1'!$J81+0.042,IF(G81="AGENTE RM",'Semana 1'!$J81+0.042,IF(G81="AGENTE APERTURA",'Semana 1'!$J81+0.021,IF(G81="AGENTE CIERRE",'Semana 1'!$J81+0.021," - "))))) -> 15:00 | L81: 0.40625 | M81: =IF(G81="AGENTE",'Semana 1'!$L81+0.014,IF(G81="REDES",'Semana 1'!$L81+0.014,IF(G81="AGENTE RM",'Semana 1'!$L81+0.014,IF(G81="AGENTE APERTURA",'Semana 1'!$L81+0.014,IF(G81="AGENTE CIERRE",'Semana 1'!$L81+0.014," - "))))) -> 10:05 | N81: 0.69791667 | O81: =IF(G81="AGENTE",'Semana 1'!$N81+0.007,IF(G81="REDES",'Semana 1'!$N81+0.007,IF(G81="AGENTE RM",'Semana 1'!$N81+0.007,IF(G81="AGENTE APERTURA",'Semana 1'!$N81+0.007,IF(G81="AGENTE CIERRE",'Semana 1'!$N81+0.007," - "))))) -> 16:55 | P81: =(IFERROR(I81-H81,0)*24)-1 -> 8.0 | Q81: 0.45833333 | R81: =IF(Q81=0,"",Q81+0.209) -> 16:00 | U81: 0.58333333 | V81: =IF(U81=0,"",U81+0.021) -> 14:30 | Y81: =(IFERROR(R81-Q81,0)*24) -> 5.0 | Z81: =$P81 -> 8.0 | AA81: =$P81 -> 8.0 | AB81: =$P81 -> 8.0 | AC81: =$P81 -> 8.0 | AD81: =P81+Z81+AA81+AB81+AC81+Y81 -> 45
B82: 80 | C82: Si | E82: =Personal!G82 -> - | F82: Semana 1 | K82: =IF(G82="AGENTE",'Semana 1'!$J82+0.042,IF(G82="REDES",'Semana 1'!$J82+0.042,IF(G82="AGENTE RM",'Semana 1'!$J82+0.042,IF(G82="AGENTE APERTURA",'Semana 1'!$J82+0.021,IF(G82="AGENTE CIERRE",'Semana 1'!$J82+0.021," - "))))) -> - | M82: =IF(G82="AGENTE",'Semana 1'!$L82+0.014,IF(G82="REDES",'Semana 1'!$L82+0.014,IF(G82="AGENTE RM",'Semana 1'!$L82+0.014,IF(G82="AGENTE APERTURA",'Semana 1'!$L82+0.014,IF(G82="AGENTE CIERRE",'Semana 1'!$L82+0.014," - "))))) -> - | O82: =IF(G82="AGENTE",'Semana 1'!$N82+0.007,IF(G82="REDES",'Semana 1'!$N82+0.007,IF(G82="AGENTE RM",'Semana 1'!$N82+0.007,IF(G82="AGENTE APERTURA",'Semana 1'!$N82+0.007,IF(G82="AGENTE CIERRE",'Semana 1'!$N82+0.007," - "))))) -> -
B83: 81 | C83: Si | E83: =Personal!G83 -> - | F83: Semana 1 | K83: =IF(G83="AGENTE",'Semana 1'!$J83+0.042,IF(G83="REDES",'Semana 1'!$J83+0.042,IF(G83="AGENTE RM",'Semana 1'!$J83+0.042,IF(G83="AGENTE APERTURA",'Semana 1'!$J83+0.021,IF(G83="AGENTE CIERRE",'Semana 1'!$J83+0.021," - "))))) -> - | M83: =IF(G83="AGENTE",'Semana 1'!$L83+0.014,IF(G83="REDES",'Semana 1'!$L83+0.014,IF(G83="AGENTE RM",'Semana 1'!$L83+0.014,IF(G83="AGENTE APERTURA",'Semana 1'!$L83+0.014,IF(G83="AGENTE CIERRE",'Semana 1'!$L83+0.014," - "))))) -> - | O83: =IF(G83="AGENTE",'Semana 1'!$N83+0.007,IF(G83="REDES",'Semana 1'!$N83+0.007,IF(G83="AGENTE RM",'Semana 1'!$N83+0.007,IF(G83="AGENTE APERTURA",'Semana 1'!$N83+0.007,IF(G83="AGENTE CIERRE",'Semana 1'!$N83+0.007," - "))))) -> -
B84: 82 | C84: Si | E84: =Personal!G84 -> - | F84: Semana 1 | K84: =IF(G84="AGENTE",'Semana 1'!$J84+0.042,IF(G84="REDES",'Semana 1'!$J84+0.042,IF(G84="AGENTE RM",'Semana 1'!$J84+0.042,IF(G84="AGENTE APERTURA",'Semana 1'!$J84+0.021,IF(G84="AGENTE CIERRE",'Semana 1'!$J84+0.021," - "))))) -> - | M84: =IF(G84="AGENTE",'Semana 1'!$L84+0.014,IF(G84="REDES",'Semana 1'!$L84+0.014,IF(G84="AGENTE RM",'Semana 1'!$L84+0.014,IF(G84="AGENTE APERTURA",'Semana 1'!$L84+0.014,IF(G84="AGENTE CIERRE",'Semana 1'!$L84+0.014," - "))))) -> - | O84: =IF(G84="AGENTE",'Semana 1'!$N84+0.007,IF(G84="REDES",'Semana 1'!$N84+0.007,IF(G84="AGENTE RM",'Semana 1'!$N84+0.007,IF(G84="AGENTE APERTURA",'Semana 1'!$N84+0.007,IF(G84="AGENTE CIERRE",'Semana 1'!$N84+0.007," - "))))) -> -
B85: 83 | C85: Si | E85: =Personal!G85 | K85: =IF(G85="AGENTE",'Semana 1'!$J85+0.042,IF(G85="REDES",'Semana 1'!$J85+0.042,IF(G85="AGENTE RM",'Semana 1'!$J85+0.042,IF(G85="AGENTE APERTURA",'Semana 1'!$J85+0.021,IF(G85="AGENTE CIERRE",'Semana 1'!$J85+0.021," - "))))) -> - | M85: =IF(G85="AGENTE",'Semana 1'!$L85+0.014,IF(G85="REDES",'Semana 1'!$L85+0.014,IF(G85="AGENTE RM",'Semana 1'!$L85+0.014,IF(G85="AGENTE APERTURA",'Semana 1'!$L85+0.014,IF(G85="AGENTE CIERRE",'Semana 1'!$L85+0.014," - "))))) -> - | O85: =IF(G85="AGENTE",'Semana 1'!$N85+0.007,IF(G85="REDES",'Semana 1'!$N85+0.007,IF(G85="AGENTE RM",'Semana 1'!$N85+0.007,IF(G85="AGENTE APERTURA",'Semana 1'!$N85+0.007,IF(G85="AGENTE CIERRE",'Semana 1'!$N85+0.007," - "))))) -> -
B86: 84 | C86: Si | E86: =Personal!G86 | K86: =IF(G86="AGENTE",Tabla1[[#This Row],[1 Inicio Almuerzo Lunes]]+0.042,IF(G86="REDES",Tabla1[[#This Row],[1 Inicio Almuerzo Lunes]]+0.042,IF(G86="AGENTE RM",Tabla1[[#This Row],[1 Inicio Almuerzo Lunes]]+0.042,IF(G86="AGENTE APERTURA",Tabla1[[#This Row],[1 Inicio Almuerzo Lunes]]+0.021,IF(G86="AGENTE CIERRE",Tabla1[[#This Row],[1 Inicio Almuerzo Lunes]]+0.021," - "))))) -> #ERROR! | M86: =IF(G86="AGENTE",Tabla1[[#This Row],[1 Incio Break 1 Lunes]]+0.014,IF(G86="REDES",Tabla1[[#This Row],[1 Incio Break 1 Lunes]]+0.014,IF(G86="AGENTE RM",Tabla1[[#This Row],[1 Incio Break 1 Lunes]]+0.014,IF(G86="AGENTE APERTURA",Tabla1[[#This Row],[1 Incio Break 1 Lunes]]+0.014,IF(G86="AGENTE CIERRE",Tabla1[[#This Row],[1 Incio Break 1 Lunes]]+0.014," - "))))) -> #ERROR! | O86: =IF(G86="AGENTE",Tabla1[[#This Row],[1 Incio Break 2 Lunes]]+0.007,IF(G86="REDES",Tabla1[[#This Row],[1 Incio Break 2 Lunes]]+0.007,IF(G86="AGENTE RM",Tabla1[[#This Row],[1 Incio Break 2 Lunes]]+0.007,IF(G86="AGENTE APERTURA",Tabla1[[#This Row],[1 Incio Break 2 Lunes]]+0.007,IF(G86="AGENTE CIERRE",Tabla1[[#This Row],[1 Incio Break 2 Lunes]]+0.007," - "))))) -> #ERROR!
B87: 85 | C87: Si | E87: =Personal!G87 | K87: =IF(G87="AGENTE",Tabla1[[#This Row],[1 Inicio Almuerzo Lunes]]+0.042,IF(G87="REDES",Tabla1[[#This Row],[1 Inicio Almuerzo Lunes]]+0.042,IF(G87="AGENTE RM",Tabla1[[#This Row],[1 Inicio Almuerzo Lunes]]+0.042,IF(G87="AGENTE APERTURA",Tabla1[[#This Row],[1 Inicio Almuerzo Lunes]]+0.021,IF(G87="AGENTE CIERRE",Tabla1[[#This Row],[1 Inicio Almuerzo Lunes]]+0.021," - "))))) -> #ERROR! | M87: =IF(G87="AGENTE",Tabla1[[#This Row],[1 Incio Break 1 Lunes]]+0.014,IF(G87="REDES",Tabla1[[#This Row],[1 Incio Break 1 Lunes]]+0.014,IF(G87="AGENTE RM",Tabla1[[#This Row],[1 Incio Break 1 Lunes]]+0.014,IF(G87="AGENTE APERTURA",Tabla1[[#This Row],[1 Incio Break 1 Lunes]]+0.014,IF(G87="AGENTE CIERRE",Tabla1[[#This Row],[1 Incio Break 1 Lunes]]+0.014," - "))))) -> #ERROR! | O87: =IF(G87="AGENTE",Tabla1[[#This Row],[1 Incio Break 2 Lunes]]+0.007,IF(G87="REDES",Tabla1[[#This Row],[1 Incio Break 2 Lunes]]+0.007,IF(G87="AGENTE RM",Tabla1[[#This Row],[1 Incio Break 2 Lunes]]+0.007,IF(G87="AGENTE APERTURA",Tabla1[[#This Row],[1 Incio Break 2 Lunes]]+0.007,IF(G87="AGENTE CIERRE",Tabla1[[#This Row],[1 Incio Break 2 Lunes]]+0.007," - "))))) -> #ERROR!
B88: 86 | C88: Si | E88: =Personal!G88 | K88: =IF(G88="AGENTE",Tabla1[[#This Row],[1 Inicio Almuerzo Lunes]]+0.042,IF(G88="REDES",Tabla1[[#This Row],[1 Inicio Almuerzo Lunes]]+0.042,IF(G88="AGENTE RM",Tabla1[[#This Row],[1 Inicio Almuerzo Lunes]]+0.042,IF(G88="AGENTE APERTURA",Tabla1[[#This Row],[1 Inicio Almuerzo Lunes]]+0.021,IF(G88="AGENTE CIERRE",Tabla1[[#This Row],[1 Inicio Almuerzo Lunes]]+0.021," - "))))) -> #ERROR! | M88: =IF(G88="AGENTE",Tabla1[[#This Row],[1 Incio Break 1 Lunes]]+0.014,IF(G88="REDES",Tabla1[[#This Row],[1 Incio Break 1 Lunes]]+0.014,IF(G88="AGENTE RM",Tabla1[[#This Row],[1 Incio Break 1 Lunes]]+0.014,IF(G88="AGENTE APERTURA",Tabla1[[#This Row],[1 Incio Break 1 Lunes]]+0.014,IF(G88="AGENTE CIERRE",Tabla1[[#This Row],[1 Incio Break 1 Lunes]]+0.014," - "))))) -> #ERROR! | O88: =IF(G88="AGENTE",Tabla1[[#This Row],[1 Incio Break 2 Lunes]]+0.007,IF(G88="REDES",Tabla1[[#This Row],[1 Incio Break 2 Lunes]]+0.007,IF(G88="AGENTE RM",Tabla1[[#This Row],[1 Incio Break 2 Lunes]]+0.007,IF(G88="AGENTE APERTURA",Tabla1[[#This Row],[1 Incio Break 2 Lunes]]+0.007,IF(G88="AGENTE CIERRE",Tabla1[[#This Row],[1 Incio Break 2 Lunes]]+0.007," - "))))) -> #ERROR!
B89: 87 | C89: Si | E89: =Personal!G89 | K89: =IF(G89="AGENTE",Tabla1[[#This Row],[1 Inicio Almuerzo Lunes]]+0.042,IF(G89="REDES",Tabla1[[#This Row],[1 Inicio Almuerzo Lunes]]+0.042,IF(G89="AGENTE RM",Tabla1[[#This Row],[1 Inicio Almuerzo Lunes]]+0.042,IF(G89="AGENTE APERTURA",Tabla1[[#This Row],[1 Inicio Almuerzo Lunes]]+0.021,IF(G89="AGENTE CIERRE",Tabla1[[#This Row],[1 Inicio Almuerzo Lunes]]+0.021," - "))))) -> #ERROR! | M89: =IF(G89="AGENTE",Tabla1[[#This Row],[1 Incio Break 1 Lunes]]+0.014,IF(G89="REDES",Tabla1[[#This Row],[1 Incio Break 1 Lunes]]+0.014,IF(G89="AGENTE RM",Tabla1[[#This Row],[1 Incio Break 1 Lunes]]+0.014,IF(G89="AGENTE APERTURA",Tabla1[[#This Row],[1 Incio Break 1 Lunes]]+0.014,IF(G89="AGENTE CIERRE",Tabla1[[#This Row],[1 Incio Break 1 Lunes]]+0.014," - "))))) -> #ERROR! | O89: =IF(G89="AGENTE",Tabla1[[#This Row],[1 Incio Break 2 Lunes]]+0.007,IF(G89="REDES",Tabla1[[#This Row],[1 Incio Break 2 Lunes]]+0.007,IF(G89="AGENTE RM",Tabla1[[#This Row],[1 Incio Break 2 Lunes]]+0.007,IF(G89="AGENTE APERTURA",Tabla1[[#This Row],[1 Incio Break 2 Lunes]]+0.007,IF(G89="AGENTE CIERRE",Tabla1[[#This Row],[1 Incio Break 2 Lunes]]+0.007," - "))))) -> #ERROR!
B90: 88 | C90: Si | E90: =Personal!G90 | K90: =IF(G90="AGENTE",Tabla1[[#This Row],[1 Inicio Almuerzo Lunes]]+0.042,IF(G90="REDES",Tabla1[[#This Row],[1 Inicio Almuerzo Lunes]]+0.042,IF(G90="AGENTE RM",Tabla1[[#This Row],[1 Inicio Almuerzo Lunes]]+0.042,IF(G90="AGENTE APERTURA",Tabla1[[#This Row],[1 Inicio Almuerzo Lunes]]+0.021,IF(G90="AGENTE CIERRE",Tabla1[[#This Row],[1 Inicio Almuerzo Lunes]]+0.021," - "))))) -> #ERROR! | M90: =IF(G90="AGENTE",Tabla1[[#This Row],[1 Incio Break 1 Lunes]]+0.014,IF(G90="REDES",Tabla1[[#This Row],[1 Incio Break 1 Lunes]]+0.014,IF(G90="AGENTE RM",Tabla1[[#This Row],[1 Incio Break 1 Lunes]]+0.014,IF(G90="AGENTE APERTURA",Tabla1[[#This Row],[1 Incio Break 1 Lunes]]+0.014,IF(G90="AGENTE CIERRE",Tabla1[[#This Row],[1 Incio Break 1 Lunes]]+0.014," - "))))) -> #ERROR! | O90: =IF(G90="AGENTE",Tabla1[[#This Row],[1 Incio Break 2 Lunes]]+0.007,IF(G90="REDES",Tabla1[[#This Row],[1 Incio Break 2 Lunes]]+0.007,IF(G90="AGENTE RM",Tabla1[[#This Row],[1 Incio Break 2 Lunes]]+0.007,IF(G90="AGENTE APERTURA",Tabla1[[#This Row],[1 Incio Break 2 Lunes]]+0.007,IF(G90="AGENTE CIERRE",Tabla1[[#This Row],[1 Incio Break 2 Lunes]]+0.007," - "))))) -> #ERROR!
B91: 89 | C91: Si | E91: =Personal!G91 | K91: =IF(G91="AGENTE",Tabla1[[#This Row],[1 Inicio Almuerzo Lunes]]+0.042,IF(G91="REDES",Tabla1[[#This Row],[1 Inicio Almuerzo Lunes]]+0.042,IF(G91="AGENTE RM",Tabla1[[#This Row],[1 Inicio Almuerzo Lunes]]+0.042,IF(G91="AGENTE APERTURA",Tabla1[[#This Row],[1 Inicio Almuerzo Lunes]]+0.021,IF(G91="AGENTE CIERRE",Tabla1[[#This Row],[1 Inicio Almuerzo Lunes]]+0.021," - "))))) -> #ERROR! | M91: =IF(G91="AGENTE",Tabla1[[#This Row],[1 Incio Break 1 Lunes]]+0.014,IF(G91="REDES",Tabla1[[#This Row],[1 Incio Break 1 Lunes]]+0.014,IF(G91="AGENTE RM",Tabla1[[#This Row],[1 Incio Break 1 Lunes]]+0.014,IF(G91="AGENTE APERTURA",Tabla1[[#This Row],[1 Incio Break 1 Lunes]]+0.014,IF(G91="AGENTE CIERRE",Tabla1[[#This Row],[1 Incio Break 1 Lunes]]+0.014," - "))))) -> #ERROR! | O91: =IF(G91="AGENTE",Tabla1[[#This Row],[1 Incio Break 2 Lunes]]+0.007,IF(G91="REDES",Tabla1[[#This Row],[1 Incio Break 2 Lunes]]+0.007,IF(G91="AGENTE RM",Tabla1[[#This Row],[1 Incio Break 2 Lunes]]+0.007,IF(G91="AGENTE APERTURA",Tabla1[[#This Row],[1 Incio Break 2 Lunes]]+0.007,IF(G91="AGENTE CIERRE",Tabla1[[#This Row],[1 Incio Break 2 Lunes]]+0.007," - "))))) -> #ERROR!
B92: 90 | C92: Si | E92: =Personal!G92 | K92: =IF(G92="AGENTE",Tabla1[[#This Row],[1 Inicio Almuerzo Lunes]]+0.042,IF(G92="REDES",Tabla1[[#This Row],[1 Inicio Almuerzo Lunes]]+0.042,IF(G92="AGENTE RM",Tabla1[[#This Row],[1 Inicio Almuerzo Lunes]]+0.042,IF(G92="AGENTE APERTURA",Tabla1[[#This Row],[1 Inicio Almuerzo Lunes]]+0.021,IF(G92="AGENTE CIERRE",Tabla1[[#This Row],[1 Inicio Almuerzo Lunes]]+0.021," - "))))) -> #ERROR! | M92: =IF(G92="AGENTE",Tabla1[[#This Row],[1 Incio Break 1 Lunes]]+0.014,IF(G92="REDES",Tabla1[[#This Row],[1 Incio Break 1 Lunes]]+0.014,IF(G92="AGENTE RM",Tabla1[[#This Row],[1 Incio Break 1 Lunes]]+0.014,IF(G92="AGENTE APERTURA",Tabla1[[#This Row],[1 Incio Break 1 Lunes]]+0.014,IF(G92="AGENTE CIERRE",Tabla1[[#This Row],[1 Incio Break 1 Lunes]]+0.014," - "))))) -> #ERROR! | O92: =IF(G92="AGENTE",Tabla1[[#This Row],[1 Incio Break 2 Lunes]]+0.007,IF(G92="REDES",Tabla1[[#This Row],[1 Incio Break 2 Lunes]]+0.007,IF(G92="AGENTE RM",Tabla1[[#This Row],[1 Incio Break 2 Lunes]]+0.007,IF(G92="AGENTE APERTURA",Tabla1[[#This Row],[1 Incio Break 2 Lunes]]+0.007,IF(G92="AGENTE CIERRE",Tabla1[[#This Row],[1 Incio Break 2 Lunes]]+0.007," - "))))) -> #ERROR!
B93: 91 | C93: Si | E93: =Personal!G93 | K93: =IF(G93="AGENTE",Tabla1[[#This Row],[1 Inicio Almuerzo Lunes]]+0.042,IF(G93="REDES",Tabla1[[#This Row],[1 Inicio Almuerzo Lunes]]+0.042,IF(G93="AGENTE RM",Tabla1[[#This Row],[1 Inicio Almuerzo Lunes]]+0.042,IF(G93="AGENTE APERTURA",Tabla1[[#This Row],[1 Inicio Almuerzo Lunes]]+0.021,IF(G93="AGENTE CIERRE",Tabla1[[#This Row],[1 Inicio Almuerzo Lunes]]+0.021," - "))))) -> #ERROR! | M93: =IF(G93="AGENTE",Tabla1[[#This Row],[1 Incio Break 1 Lunes]]+0.014,IF(G93="REDES",Tabla1[[#This Row],[1 Incio Break 1 Lunes]]+0.014,IF(G93="AGENTE RM",Tabla1[[#This Row],[1 Incio Break 1 Lunes]]+0.014,IF(G93="AGENTE APERTURA",Tabla1[[#This Row],[1 Incio Break 1 Lunes]]+0.014,IF(G93="AGENTE CIERRE",Tabla1[[#This Row],[1 Incio Break 1 Lunes]]+0.014," - "))))) -> #ERROR! | O93: =IF(G93="AGENTE",Tabla1[[#This Row],[1 Incio Break 2 Lunes]]+0.007,IF(G93="REDES",Tabla1[[#This Row],[1 Incio Break 2 Lunes]]+0.007,IF(G93="AGENTE RM",Tabla1[[#This Row],[1 Incio Break 2 Lunes]]+0.007,IF(G93="AGENTE APERTURA",Tabla1[[#This Row],[1 Incio Break 2 Lunes]]+0.007,IF(G93="AGENTE CIERRE",Tabla1[[#This Row],[1 Incio Break 2 Lunes]]+0.007," - "))))) -> #ERROR!
B94: 92 | C94: Si | E94: =Personal!G94 | K94: =IF(G94="AGENTE",Tabla1[[#This Row],[1 Inicio Almuerzo Lunes]]+0.042,IF(G94="REDES",Tabla1[[#This Row],[1 Inicio Almuerzo Lunes]]+0.042,IF(G94="AGENTE RM",Tabla1[[#This Row],[1 Inicio Almuerzo Lunes]]+0.042,IF(G94="AGENTE APERTURA",Tabla1[[#This Row],[1 Inicio Almuerzo Lunes]]+0.021,IF(G94="AGENTE CIERRE",Tabla1[[#This Row],[1 Inicio Almuerzo Lunes]]+0.021," - "))))) -> #ERROR! | M94: =IF(G94="AGENTE",Tabla1[[#This Row],[1 Incio Break 1 Lunes]]+0.014,IF(G94="REDES",Tabla1[[#This Row],[1 Incio Break 1 Lunes]]+0.014,IF(G94="AGENTE RM",Tabla1[[#This Row],[1 Incio Break 1 Lunes]]+0.014,IF(G94="AGENTE APERTURA",Tabla1[[#This Row],[1 Incio Break 1 Lunes]]+0.014,IF(G94="AGENTE CIERRE",Tabla1[[#This Row],[1 Incio Break 1 Lunes]]+0.014," - "))))) -> #ERROR! | O94: =IF(G94="AGENTE",Tabla1[[#This Row],[1 Incio Break 2 Lunes]]+0.007,IF(G94="REDES",Tabla1[[#This Row],[1 Incio Break 2 Lunes]]+0.007,IF(G94="AGENTE RM",Tabla1[[#This Row],[1 Incio Break 2 Lunes]]+0.007,IF(G94="AGENTE APERTURA",Tabla1[[#This Row],[1 Incio Break 2 Lunes]]+0.007,IF(G94="AGENTE CIERRE",Tabla1[[#This Row],[1 Incio Break 2 Lunes]]+0.007," - "))))) -> #ERROR!
B95: 93 | C95: Si | E95: =Personal!G95 | K95: =IF(G95="AGENTE",Tabla1[[#This Row],[1 Inicio Almuerzo Lunes]]+0.042,IF(G95="REDES",Tabla1[[#This Row],[1 Inicio Almuerzo Lunes]]+0.042,IF(G95="AGENTE RM",Tabla1[[#This Row],[1 Inicio Almuerzo Lunes]]+0.042,IF(G95="AGENTE APERTURA",Tabla1[[#This Row],[1 Inicio Almuerzo Lunes]]+0.021,IF(G95="AGENTE CIERRE",Tabla1[[#This Row],[1 Inicio Almuerzo Lunes]]+0.021," - "))))) -> #ERROR! | M95: =IF(G95="AGENTE",Tabla1[[#This Row],[1 Incio Break 1 Lunes]]+0.014,IF(G95="REDES",Tabla1[[#This Row],[1 Incio Break 1 Lunes]]+0.014,IF(G95="AGENTE RM",Tabla1[[#This Row],[1 Incio Break 1 Lunes]]+0.014,IF(G95="AGENTE APERTURA",Tabla1[[#This Row],[1 Incio Break 1 Lunes]]+0.014,IF(G95="AGENTE CIERRE",Tabla1[[#This Row],[1 Incio Break 1 Lunes]]+0.014," - "))))) -> #ERROR! | O95: =IF(G95="AGENTE",Tabla1[[#This Row],[1 Incio Break 2 Lunes]]+0.007,IF(G95="REDES",Tabla1[[#This Row],[1 Incio Break 2 Lunes]]+0.007,IF(G95="AGENTE RM",Tabla1[[#This Row],[1 Incio Break 2 Lunes]]+0.007,IF(G95="AGENTE APERTURA",Tabla1[[#This Row],[1 Incio Break 2 Lunes]]+0.007,IF(G95="AGENTE CIERRE",Tabla1[[#This Row],[1 Incio Break 2 Lunes]]+0.007," - "))))) -> #ERROR!
B96: 94 | C96: Si | E96: =Personal!G96 | K96: =IF(G96="AGENTE",Tabla1[[#This Row],[1 Inicio Almuerzo Lunes]]+0.042,IF(G96="REDES",Tabla1[[#This Row],[1 Inicio Almuerzo Lunes]]+0.042,IF(G96="AGENTE RM",Tabla1[[#This Row],[1 Inicio Almuerzo Lunes]]+0.042,IF(G96="AGENTE APERTURA",Tabla1[[#This Row],[1 Inicio Almuerzo Lunes]]+0.021,IF(G96="AGENTE CIERRE",Tabla1[[#This Row],[1 Inicio Almuerzo Lunes]]+0.021," - "))))) -> #ERROR! | M96: =IF(G96="AGENTE",Tabla1[[#This Row],[1 Incio Break 1 Lunes]]+0.014,IF(G96="REDES",Tabla1[[#This Row],[1 Incio Break 1 Lunes]]+0.014,IF(G96="AGENTE RM",Tabla1[[#This Row],[1 Incio Break 1 Lunes]]+0.014,IF(G96="AGENTE APERTURA",Tabla1[[#This Row],[1 Incio Break 1 Lunes]]+0.014,IF(G96="AGENTE CIERRE",Tabla1[[#This Row],[1 Incio Break 1 Lunes]]+0.014," - "))))) -> #ERROR! | O96: =IF(G96="AGENTE",Tabla1[[#This Row],[1 Incio Break 2 Lunes]]+0.007,IF(G96="REDES",Tabla1[[#This Row],[1 Incio Break 2 Lunes]]+0.007,IF(G96="AGENTE RM",Tabla1[[#This Row],[1 Incio Break 2 Lunes]]+0.007,IF(G96="AGENTE APERTURA",Tabla1[[#This Row],[1 Incio Break 2 Lunes]]+0.007,IF(G96="AGENTE CIERRE",Tabla1[[#This Row],[1 Incio Break 2 Lunes]]+0.007," - "))))) -> #ERROR!
B97: 95 | C97: Si | E97: =Personal!G97 | K97: =IF(G97="AGENTE",Tabla1[[#This Row],[1 Inicio Almuerzo Lunes]]+0.042,IF(G97="REDES",Tabla1[[#This Row],[1 Inicio Almuerzo Lunes]]+0.042,IF(G97="AGENTE RM",Tabla1[[#This Row],[1 Inicio Almuerzo Lunes]]+0.042,IF(G97="AGENTE APERTURA",Tabla1[[#This Row],[1 Inicio Almuerzo Lunes]]+0.021,IF(G97="AGENTE CIERRE",Tabla1[[#This Row],[1 Inicio Almuerzo Lunes]]+0.021," - "))))) -> #ERROR! | M97: =IF(G97="AGENTE",Tabla1[[#This Row],[1 Incio Break 1 Lunes]]+0.014,IF(G97="REDES",Tabla1[[#This Row],[1 Incio Break 1 Lunes]]+0.014,IF(G97="AGENTE RM",Tabla1[[#This Row],[1 Incio Break 1 Lunes]]+0.014,IF(G97="AGENTE APERTURA",Tabla1[[#This Row],[1 Incio Break 1 Lunes]]+0.014,IF(G97="AGENTE CIERRE",Tabla1[[#This Row],[1 Incio Break 1 Lunes]]+0.014," - "))))) -> #ERROR! | O97: =IF(G97="AGENTE",Tabla1[[#This Row],[1 Incio Break 2 Lunes]]+0.007,IF(G97="REDES",Tabla1[[#This Row],[1 Incio Break 2 Lunes]]+0.007,IF(G97="AGENTE RM",Tabla1[[#This Row],[1 Incio Break 2 Lunes]]+0.007,IF(G97="AGENTE APERTURA",Tabla1[[#This Row],[1 Incio Break 2 Lunes]]+0.007,IF(G97="AGENTE CIERRE",Tabla1[[#This Row],[1 Incio Break 2 Lunes]]+0.007," - "))))) -> #ERROR!
... B102: 100 | C102: Si | E102: =Personal!G102 | K102: =IF(G102="AGENTE",Tabla1[[#This Row],[1 Inicio Almuerzo Lunes]]+0.042,IF(G102="REDES",Tabla1[[#This Row],[1 Inicio Almuerzo Lunes]]+0.042,IF(G102="AGENTE RM",Tabla1[[#This Row],[1 Inicio Almuerzo Lunes]]+0.042,IF(G102="AGENTE APERTURA",Tabla1[[#This Row],[1 Inicio Almuerzo Lunes]]+0.021,IF(G102="AGENTE CIERRE",Tabla1[[#This Row],[1 Inicio Almuerzo Lunes]]+0.021," - "))))) -> #ERROR! | M102: =IF(G102="AGENTE",Tabla1[[#This Row],[1 Incio Break 1 Lunes]]+0.014,IF(G102="REDES",Tabla1[[#This Row],[1 Incio Break 1 Lunes]]+0.014,IF(G102="AGENTE RM",Tabla1[[#This Row],[1 Incio Break 1 Lunes]]+0.014,IF(G102="AGENTE APERTURA",Tabla1[[#This Row],[1 Incio Break 1 Lunes]]+0.014,IF(G102="AGENTE CIERRE",Tabla1[[#This Row],[1 Incio Break 1 Lunes]]+0.014," - "))))) -> #ERROR! | O102: =IF(G102="AGENTE",Tabla1[[#This Row],[1 Incio Break 2 Lunes]]+0.007,IF(G102="REDES",Tabla1[[#This Row],[1 Incio Break 2 Lunes]]+0.007,IF(G102="AGENTE RM",Tabla1[[#This Row],[1 Incio Break 2 Lunes]]+0.007,IF(G102="AGENTE APERTURA",Tabla1[[#This Row],[1 Incio Break 2 Lunes]]+0.007,IF(G102="AGENTE CIERRE",Tabla1[[#This Row],[1 Incio Break 2 Lunes]]+0.007," - "))))) -> #ERROR!
H105: 0.29166667 | I105: 0.66666667 | J105: 0.54166667 | K105: =IF(J105=0,"",J105+0.041) -> 13:59 | L105: 0.32291667 | M105: =IF(L105=0,"",L105+0.01) -> 7:59 | N105: 0.63541667 | O105: =IF(N105=0,"",N105+0.01) -> 15:29 | P105: =(IFERROR(I105-H105,0)*24)-1 -> 8 | Q105: 0.27083333 | R105: 0.5 | U105: 0.35416667 | V105: =IF(U105=0,"",U105+0.021) -> 9:00 | Y105: =(IFERROR(R105-Q105,0)*24) -> 5.5
H106: 0.33333333 | I106: 0.75 | J106: 0.625 | K106: =IF(J106=0,"",J106+0.041) -> 15:59 | L106: 0.39583333 | M106: =IF(L106=0,"",L106+0.01) -> 9:44 | N106: 0.70833333 | O106: =IF(N106=0,"",N106+0.01) -> 17:14 | P106: =(IFERROR(I106-H106,0)*24)-1 -> 9 | V106: =IF(U106=0,"",U106+0.021) | Y106: =(IFERROR(R106-Q106,0)*24) -> 0
...

Sheet Semana 2
P1: lu | Y1: sá
E2: Servicio al cliente
B3: # | C3: Produc | D3: Codigo | E3: Requerimiento | H3: Lunes | Q3: Sabado
E4: Scheduled | H4: Horario | J4: Almuerzo | L4: Break 1 | N4: Break 2 | Q4: Horario | S4: Almuerzo | U4: Break 1 | W4: Break 2
E5: Over / Under | F5: Semana 2 | G5: Skill | H5: 2 Entrada Lunes | I5: 2 Salida Lunes | J5: 2 Inicio Almuerzo Lunes | K5: 2 Termina Almuerzo Lunes | L5: 2 Incio Break 1 Lunes | M5: 2 Termina Break 1 Lunes | N5: 2 Incio Break 2 Lunes | O5: 2 Termina Break 2 Lunes | P5: 2 Horas Lunes | Q5: 2 Entrada Sabado | R5: 2 Salida Sabado | S5: 2 Inicio AlmuerzoSabado | T5: 2 Termina Almuerzo Sabado | U5: 2 Incio Break 1 Sabado | V5: 2 Termina Break 1 Sabado | W5: 2 Incio Break 2 Sabado | X5: 2 Termina Break 2 Sabado | Y5: 2 Horas Sabado | Z5: 2 Horas Martes | AA5: 2 Horas Miercoles | AB5: 2 Horas Jueves | AC5: 2 Horas Viernes | AD5: 2 Horas Semanales
B6: 1 | C6: Si | E6: =Personal!G6 -> Nancy Beatriz Pedroza | F6: Semana 1 | G6: =Personal!H6 -> AGENTE | H6: 0.70833333 | I6: 1 | J6: 0.79166667 | K6: 0.8125 | L6: 0.8125 | M6: =IF(G6="AGENTE",'Semana 1'!$L6+0.014,IF(G6="REDES",'Semana 1'!$L6+0.014,IF(G6="AGENTE RM",'Semana 1'!$L6+0.014,IF(G6="AGENTE APERTURA",'Semana 1'!$L6+0.014,IF(G6="AGENTE CIERRE",'Semana 1'!$L6+0.014," - "))))) -> 19:50 | N6: 0.82638889 | O6: =IF(G6="AGENTE",'Semana 1'!$N6+0.007,IF(G6="REDES",'Semana 1'!$N6+0.007,IF(G6="AGENTE RM",'Semana 1'!$N6+0.007,IF(G6="AGENTE APERTURA",'Semana 1'!$N6+0.007,IF(G6="AGENTE CIERRE",'Semana 1'!$N6+0.007," - "))))) -> 20:00 | P6: =(IFERROR(I6-H6,0)*24)-1 -> 6.0 | Q6: 0.70833333 | R6: 1 | S6: 0.79166667 | T6: 0.8125 | U6: 0.8125 | V6: 0.8265 | W6: 0.82638889 | X6: 0.83338889 | Y6: =(IFERROR(R6-Q6,0)*24)-1 -> 6.0 | Z6: =$P6 -> 6.0 | AA6: =$P6 -> 6.0 | AB6: =$P6 -> 6.0 | AC6: =$P6 -> 6.0 | AD6: =P6+Z6+AA6+AB6+AC6+Y6 -> 36
B7: 2 | C7: Si | E7: =Personal!G7 -> Carina Alejandra Peliz Reban | F7: Semana 1 | G7: =Personal!H7 -> REDES | H7: 0.375 | I7: =IF(H7=0," ",IF(Q7=0,(H7+0.417),(H7+0.3756))) -> 18:00 | J7: 0.5 | K7: =IF(G7="AGENTE",'Semana 1'!$J7+0.042,IF(G7="REDES",'Semana 1'!$J7+0.042,IF(G7="AGENTE RM",'Semana 1'!$J7+0.042,IF(G7="AGENTE APERTURA",'Semana 1'!$J7+0.021,IF(G7="AGENTE CIERRE",'Semana 1'!$J7+0.021," - "))))) -> 13:00 | L7: 0.41666667 | M7: =IF(G7="AGENTE",'Semana 1'!$L7+0.014,IF(G7="REDES",'Semana 1'!$L7+0.014,IF(G7="AGENTE RM",'Semana 1'!$L7+0.014,IF(G7="AGENTE APERTURA",'Semana 1'!$L7+0.014,IF(G7="AGENTE CIERRE",'Semana 1'!$L7+0.014," - "))))) -> 10:20 | N7: 0.64583333 | O7: =IF(G7="AGENTE",'Semana 1'!$N7+0.007,IF(G7="REDES",'Semana 1'!$N7+0.007,IF(G7="AGENTE RM",'Semana 1'!$N7+0.007,IF(G7="AGENTE APERTURA",'Semana 1'!$N7+0.007,IF(G7="AGENTE CIERRE",'Semana 1'!$N7+0.007," - "))))) -> 15:40 | P7: =(IFERROR(I7-H7,0)*24)-1 -> 8.0 | Q7: 0.41666667 | R7: =IF(Q7=0,"",Q7+0.209) -> 15:00 | U7: 0.4375 | V7: =IF(U7=0,"",U7+0.021) -> 11:00 | Y7: =(IFERROR(R7-Q7,0)*24) -> 5.0 | Z7: =$P7 -> 8.0 | AA7: =$P7 -> 8.0 | AB7: =$P7 -> 8.0 | AC7: =$P7 -> 8.0 | AD7: =P7+Z7+AA7+AB7+AC7+Y7 -> 45
B8: 3 | C8: No | E8: =Personal!G8 -> - | F8: Semana 1 | G8: =Personal!H8 -> - | I8: =IF(H8=0," ",IF(Q8=0,(H8+0.417),(H8+0.3756))) | K8: =IF(G8="AGENTE",'Semana 1'!$J8+0.042,IF(G8="REDES",'Semana 1'!$J8+0.042,IF(G8="AGENTE RM",'Semana 1'!$J8+0.042,IF(G8="AGENTE APERTURA",'Semana 1'!$J8+0.021,IF(G8="AGENTE CIERRE",'Semana 1'!$J8+0.021," - "))))) -> - | M8: =IF(G8="AGENTE",'Semana 1'!$L8+0.014,IF(G8="REDES",'Semana 1'!$L8+0.014,IF(G8="AGENTE RM",'Semana 1'!$L8+0.014,IF(G8="AGENTE APERTURA",'Semana 1'!$L8+0.014,IF(G8="AGENTE CIERRE",'Semana 1'!$L8+0.014," - "))))) -> - | O8: =IF(G8="AGENTE",'Semana 1'!$N8+0.007,IF(G8="REDES",'Semana 1'!$N8+0.007,IF(G8="AGENTE RM",'Semana 1'!$N8+0.007,IF(G8="AGENTE APERTURA",'Semana 1'!$N8+0.007,IF(G8="AGENTE CIERRE",'Semana 1'!$N8+0.007," - "))))) -> - | P8: =(IFERROR(I8-H8,0)*24)-1 -> -1.0 | V8: =IF(U8=0,"",U8+0.021) | Y8: =(IFERROR(R8-Q8,0)*24) -> 0.0 | Z8: =$P8 -> -1.0 | AA8: =$P8 -> -1.0 | AB8: =$P8 -> -1.0 | AC8: =$P8 -> -1.0 | AD8: =P8+Z8+AA8+AB8+AC8+Y8 -> -5
B9: 4 | C9: Si | E9: =Personal!G9 -> Daisy Yomara Mateo | F9: Semana 1 | G9: =Personal!H9 -> SOPORTE | I9: =IF(H9=0," ",IF(Q9=0,(H9+0.417),(H9+0.3756))) | K9: =IF(G9="AGENTE",'Semana 1'!$J9+0.042,IF(G9="REDES",'Semana 1'!$J9+0.042,IF(G9="AGENTE RM",'Semana 1'!$J9+0.042,IF(G9="AGENTE APERTURA",'Semana 1'!$J9+0.021,IF(G9="AGENTE CIERRE",'Semana 1'!$J9+0.021," - "))))) -> - | M9: =IF(G9="AGENTE",'Semana 1'!$L9+0.014,IF(G9="REDES",'Semana 1'!$L9+0.014,IF(G9="AGENTE RM",'Semana 1'!$L9+0.014,IF(G9="AGENTE APERTURA",'Semana 1'!$L9+0.014,IF(G9="AGENTE CIERRE",'Semana 1'!$L9+0.014," - "))))) -> - | O9: =IF(G9="AGENTE",'Semana 1'!$N9+0.007,IF(G9="REDES",'Semana 1'!$N9+0.007,IF(G9="AGENTE RM",'Semana 1'!$N9+0.007,IF(G9="AGENTE APERTURA",'Semana 1'!$N9+0.007,IF(G9="AGENTE CIERRE",'Semana 1'!$N9+0.007," - "))))) -> - | P9: =(IFERROR(I9-H9,0)*24)-1 -> -1.0 | R9: =IF(Q9=0,"",Q9+0.209) | V9: =IF(U9=0,"",U9+0.021) | Y9: =(IFERROR(R9-Q9,0)*24) -> 0.0 | Z9: =$P9 -> -1.0 | AA9: =$P9 -> -1.0 | AB9: =$P9 -> -1.0 | AC9: =$P9 -> -1.0 | AD9: =P9+Z9+AA9+AB9+AC9+Y9 -> -5
B10: 5 | C10: Si | E10: =Personal!G10 -> Carlo Giordiano Caballero Morales | F10: Semana 1 | G10: =Personal!H10 -> REDES | H10: 0.29166667 | I10: =IF(H10=0," ",IF(Q10=0,(H10+0.417),(H10+0.3756))) -> 16:00 | J10: 0.54166667 | K10: =IF(G10="AGENTE",'Semana 1'!$J10+0.042,IF(G10="REDES",'Semana 1'!$J10+0.042,IF(G10="AGENTE RM",'Semana 1'!$J10+0.042,IF(G10="AGENTE APERTURA",'Semana 1'!$J10+0.021,IF(G10="AGENTE CIERRE",'Semana 1'!$J10+0.021," - "))))) -> 14:00 | L10: 0.36111111 | M10: =IF(G10="AGENTE",'Semana 1'!$L10+0.014,IF(G10="REDES",'Semana 1'!$L10+0.014,IF(G10="AGENTE RM",'Semana 1'!$L10+0.014,IF(G10="AGENTE APERTURA",'Semana 1'!$L10+0.014,IF(G10="AGENTE CIERRE",'Semana 1'!$L10+0.014," - "))))) -> 9:00 | N10: 0.59722222 | O10: =IF(G10="AGENTE",'Semana 1'!$N10+0.007,IF(G10="REDES",'Semana 1'!$N10+0.007,IF(G10="AGENTE RM",'Semana 1'!$N10+0.007,IF(G10="AGENTE APERTURA",'Semana 1'!$N10+0.007,IF(G10="AGENTE CIERRE",'Semana 1'!$N10+0.007," - "))))) -> 14:30 | P10: =(IFERROR(I10-H10,0)*24)-1 -> 8.0 | Q10: 0.35416667 | R10: =IF(Q10=0,"",Q10+0.209) -> 13:30 | U10: 0.375 | V10: =IF(U10=0,"",U10+0.021) -> 9:30 | Y10: =(IFERROR(R10-Q10,0)*24) -> 5.0 | Z10: =$P10 -> 8.0 | AA10: =$P10 -> 8.0 | AB10: =$P10 -> 8.0 | AC10: =$P10 -> 8.0 | AD10: =P10+Z10+AA10+AB10+AC10+Y10 -> 45
B11: 6 | C11: Si | E11: =Personal!G11 -> Ani Rubi Lucero Gonzalez | F11: Semana 1 | G11: =Personal!H11 -> SOPORTE | I11: =IF(H11=0," ",IF(Q11=0,(H11+0.417),(H11+0.3756))) | K11: =IF(G11="AGENTE",'Semana 1'!$J11+0.042,IF(G11="REDES",'Semana 1'!$J11+0.042,IF(G11="AGENTE RM",'Semana 1'!$J11+0.042,IF(G11="AGENTE APERTURA",'Semana 1'!$J11+0.021,IF(G11="AGENTE CIERRE",'Semana 1'!$J11+0.021," - "))))) -> - | M11: =IF(G11="AGENTE",'Semana 1'!$L11+0.014,IF(G11="REDES",'Semana 1'!$L11+0.014,IF(G11="AGENTE RM",'Semana 1'!$L11+0.014,IF(G11="AGENTE APERTURA",'Semana 1'!$L11+0.014,IF(G11="AGENTE CIERRE",'Semana 1'!$L11+0.014," - "))))) -> - | O11: =IF(G11="AGENTE",'Semana 1'!$N11+0.007,IF(G11="REDES",'Semana 1'!$N11+0.007,IF(G11="AGENTE RM",'Semana 1'!$N11+0.007,IF(G11="AGENTE APERTURA",'Semana 1'!$N11+0.007,IF(G11="AGENTE CIERRE",'Semana 1'!$N11+0.007," - "))))) -> - | P11: =(IFERROR(I11-H11,0)*24)-1 -> -1.0 | R11: =IF(Q11=0,"",Q11+0.209) | Y11: =(IFERROR(R11-Q11,0)*24) -> 0.0 | Z11: =$P11 -> -1.0 | AA11: =$P11 -> -1.0 | AB11: =$P11 -> -1.0 | AC11: =$P11 -> -1.0 | AD11: =P11+Z11+AA11+AB11+AC11+Y11 -> -5
B12: 7 | C12: Si | E12: =Personal!G12 -> Hilda Sofia Gonzalez De León | F12: Semana 1 | G12: =Personal!H12 -> REDES | H12: 0.375 | I12: =IF(H12=0," ",IF(Q12=0,(H12+0.417),(H12+0.3756))) -> 18:00 | J12: 0.5 | K12: =IF(G12="AGENTE",'Semana 1'!$J12+0.042,IF(G12="REDES",'Semana 1'!$J12+0.042,IF(G12="AGENTE RM",'Semana 1'!$J12+0.042,IF(G12="AGENTE APERTURA",'Semana 1'!$J12+0.021,IF(G12="AGENTE CIERRE",'Semana 1'!$J12+0.021," - "))))) -> 13:00 | L12: 0.43055556 | M12: =IF(G12="AGENTE",'Semana 1'!$L12+0.014,IF(G12="REDES",'Semana 1'!$L12+0.014,IF(G12="AGENTE RM",'Semana 1'!$L12+0.014,IF(G12="AGENTE APERTURA",'Semana 1'!$L12+0.014,IF(G12="AGENTE CIERRE",'Semana 1'!$L12+0.014," - "))))) -> 10:40 | N12: 0.65277778 | O12: =IF(G12="AGENTE",'Semana 1'!$N12+0.007,IF(G12="REDES",'Semana 1'!$N12+0.007,IF(G12="AGENTE RM",'Semana 1'!$N12+0.007,IF(G12="AGENTE APERTURA",'Semana 1'!$N12+0.007,IF(G12="AGENTE CIERRE",'Semana 1'!$N12+0.007," - "))))) -> 15:50 | P12: =(IFERROR(I12-H12,0)*24)-1 -> 8.0 | Q12: 0.375 | R12: =IF(Q12=0,"",Q12+0.209) -> 14:00 | U12: 0.39583333 | V12: =IF(U12=0,"",U12+0.021) -> 10:00 | Y12: =(IFERROR(R12-Q12,0)*24) -> 5.0 | Z12: =$P12 -> 8.0 | AA12: =$P12 -> 8.0 | AB12: =$P12 -> 8.0 | AC12: =$P12 -> 8.0 | AD12: =P12+Z12+AA12+AB12+AC12+Y12 -> 45
B13: 8 | C13: No | E13: =Personal!G13 -> - | F13: Semana 1 | G13: =Personal!H13 -> - | I13: =IF(H13=0," ",IF(Q13=0,(H13+0.417),(H13+0.3756))) | K13: =IF(G13="AGENTE",'Semana 1'!$J13+0.042,IF(G13="REDES",'Semana 1'!$J13+0.042,IF(G13="AGENTE RM",'Semana 1'!$J13+0.042,IF(G13="AGENTE APERTURA",'Semana 1'!$J13+0.021,IF(G13="AGENTE CIERRE",'Semana 1'!$J13+0.021," - "))))) -> - | M13: =IF(G13="AGENTE",'Semana 1'!$L13+0.014,IF(G13="REDES",'Semana 1'!$L13+0.014,IF(G13="AGENTE RM",'Semana 1'!$L13+0.014,IF(G13="AGENTE APERTURA",'Semana 1'!$L13+0.014,IF(G13="AGENTE CIERRE",'Semana 1'!$L13+0.014," - "))))) -> - | O13: =IF(G13="AGENTE",'Semana 1'!$N13+0.007,IF(G13="REDES",'Semana 1'!$N13+0.007,IF(G13="AGENTE RM",'Semana 1'!$N13+0.007,IF(G13="AGENTE APERTURA",'Semana 1'!$N13+0.007,IF(G13="AGENTE CIERRE",'Semana 1'!$N13+0.007," - "))))) -> - | P13: =(IFERROR(I13-H13,0)*24)-1 -> -1.0 | R13: =IF(Q13=0,"",Q13+0.209) | V13: =IF(U13=0,"",U13+0.021) | Y13: =(IFERROR(R13-Q13,0)*24) -> 0.0 | Z13: =$P13 -> -1.0 | AA13: =$P13 -> -1.0 | AB13: =$P13 -> -1.0 | AC13: =$P13 -> -1.0 | AD13: =P13+Z13+AA13+AB13+AC13+Y13 -> -5
B14: 9 | C14: Si | E14: =Personal!G14 -> Jorge Israel Reyes Valencia | F14: Semana 1 | G14: =Personal!H14 -> SOPORTE | I14: =IF(H14=0," ",IF(Q14=0,(H14+0.417),(H14+0.3756))) | K14: =IF(G14="AGENTE",'Semana 1'!$J14+0.042,IF(G14="REDES",'Semana 1'!$J14+0.042,IF(G14="AGENTE RM",'Semana 1'!$J14+0.042,IF(G14="AGENTE APERTURA",'Semana 1'!$J14+0.021,IF(G14="AGENTE CIERRE",'Semana 1'!$J14+0.021," - "))))) -> - | M14: =IF(G14="AGENTE",'Semana 1'!$L14+0.014,IF(G14="REDES",'Semana 1'!$L14+0.014,IF(G14="AGENTE RM",'Semana 1'!$L14+0.014,IF(G14="AGENTE APERTURA",'Semana 1'!$L14+0.014,IF(G14="AGENTE CIERRE",'Semana 1'!$L14+0.014," - "))))) -> - | O14: =IF(G14="AGENTE",'Semana 1'!$N14+0.007,IF(G14="REDES",'Semana 1'!$N14+0.007,IF(G14="AGENTE RM",'Semana 1'!$N14+0.007,IF(G14="AGENTE APERTURA",'Semana 1'!$N14+0.007,IF(G14="AGENTE CIERRE",'Semana 1'!$N14+0.007," - "))))) -> - | P14: =(IFERROR(I14-H14,0)*24)-1 -> -1.0 | R14: =IF(Q14=0,"",Q14+0.209) | T14: =IF(S14=0,"",S14+0.021) | V14: =IF(U14=0,"",U14+0.01) | X14: =IF(W14=0,"",W14+0.01) | Y14: =(IFERROR(R14-Q14,0)*24) -> 0.0 | Z14: =$P14 -> -1.0 | AA14: =$P14 -> -1.0 | AB14: =$P14 -> -1.0 | AC14: =$P14 -> -1.0 | AD14: =P14+Z14+AA14+AB14+AC14+Y14 -> -5
B15: 10 | C15: Si | E15: =Personal!G15 -> Marcos Geovanny Coronado Giron | F15: Semana 1 | G15: =Personal!H15 -> SOPORTE | I15: =IF(H15=0," ",IF(Q15=0,(H15+0.417),(H15+0.3756))) | K15: =IF(G15="AGENTE",'Semana 1'!$J15+0.042,IF(G15="REDES",'Semana 1'!$J15+0.042,IF(G15="AGENTE RM",'Semana 1'!$J15+0.042,IF(G15="AGENTE APERTURA",'Semana 1'!$J15+0.021,IF(G15="AGENTE CIERRE",'Semana 1'!$J15+0.021," - "))))) -> - | M15: =IF(G15="AGENTE",'Semana 1'!$L15+0.014,IF(G15="REDES",'Semana 1'!$L15+0.014,IF(G15="AGENTE RM",'Semana 1'!$L15+0.014,IF(G15="AGENTE APERTURA",'Semana 1'!$L15+0.014,IF(G15="AGENTE CIERRE",'Semana 1'!$L15+0.014," - "))))) -> - | O15: =IF(G15="AGENTE",'Semana 1'!$N15+0.007,IF(G15="REDES",'Semana 1'!$N15+0.007,IF(G15="AGENTE RM",'Semana 1'!$N15+0.007,IF(G15="AGENTE APERTURA",'Semana 1'!$N15+0.007,IF(G15="AGENTE CIERRE",'Semana 1'!$N15+0.007," - "))))) -> - | P15: =(IFERROR(I15-H15,0)*24)-1 -> -1.0 | R15: =IF(Q15=0,"",Q15+0.209) | Y15: =(IFERROR(R15-Q15,0)*24) -> 0.0 | Z15: =$P15 -> -1.0 | AA15: =$P15 -> -1.0 | AB15: =$P15 -> -1.0 | AC15: =$P15 -> -1.0 | AD15: =P15+Z15+AA15+AB15+AC15+Y15 -> -5
B16: 11 | C16: Si | E16: =Personal!G16 -> Anyely Eunice Florian Florian | F16: Semana 1 | G16: =Personal!H16 -> SOPORTE | I16: =IF(H16=0," ",IF(Q16=0,(H16+0.417),(H16+0.3756))) | K16: =IF(G16="AGENTE",'Semana 1'!$J16+0.042,IF(G16="REDES",'Semana 1'!$J16+0.042,IF(G16="AGENTE RM",'Semana 1'!$J16+0.042,IF(G16="AGENTE APERTURA",'Semana 1'!$J16+0.021,IF(G16="AGENTE CIERRE",'Semana 1'!$J16+0.021," - "))))) -> - | M16: =IF(G16="AGENTE",'Semana 1'!$L16+0.014,IF(G16="REDES",'Semana 1'!$L16+0.014,IF(G16="AGENTE RM",'Semana 1'!$L16+0.014,IF(G16="AGENTE APERTURA",'Semana 1'!$L16+0.014,IF(G16="AGENTE CIERRE",'Semana 1'!$L16+0.014," - "))))) -> - | O16: =IF(G16="AGENTE",'Semana 1'!$N16+0.007,IF(G16="REDES",'Semana 1'!$N16+0.007,IF(G16="AGENTE RM",'Semana 1'!$N16+0.007,IF(G16="AGENTE APERTURA",'Semana 1'!$N16+0.007,IF(G16="AGENTE CIERRE",'Semana 1'!$N16+0.007," - "))))) -> - | P16: =(IFERROR(I16-H16,0)*24)-1 -> -1.0 | R16: =IF(Q16=0,"",Q16+0.209) | V16: =IF(U16=0,"",U16+0.021) | X16: =IF(W16=0,"",W16+0.021) | Y16: =(IFERROR(R16-Q16,0)*24) -> 0.0 | Z16: =$P16 -> -1.0 | AA16: =$P16 -> -1.0 | AB16: =$P16 -> -1.0 | AC16: =$P16 -> -1.0 | AD16: =P16+Z16+AA16+AB16+AC16+Y16 -> -5
B17: 12 | C17: Si | E17: =Personal!G17 -> Jennifer Alicia Boror Rodriguez | F17: Semana 1 | G17: =Personal!H17 -> REDES | H17: 0.27083333 | I17: =IF(H17=0," ",IF(Q17=0,(H17+0.417),(H17+0.3756))) -> 15:30 | J17: 0.54166667 | K17: =IF(G17="AGENTE",'Semana 1'!$J17+0.042,IF(G17="REDES",'Semana 1'!$J17+0.042,IF(G17="AGENTE RM",'Semana 1'!$J17+0.042,IF(G17="AGENTE APERTURA",'Semana 1'!$J17+0.021,IF(G17="AGENTE CIERRE",'Semana 1'!$J17+0.021," - "))))) -> 14:00 | L17: 0.34722222 | M17: =IF(G17="AGENTE",'Semana 1'!$L17+0.014,IF(G17="REDES",'Semana 1'!$L17+0.014,IF(G17="AGENTE RM",'Semana 1'!$L17+0.014,IF(G17="AGENTE APERTURA",'Semana 1'!$L17+0.014,IF(G17="AGENTE CIERRE",'Semana 1'!$L17+0.014," - "))))) -> 8:40 | N17: 0.59027778 | O17: =IF(G17="AGENTE",'Semana 1'!$N17+0.007,IF(G17="REDES",'Semana 1'!$N17+0.007,IF(G17="AGENTE RM",'Semana 1'!$N17+0.007,IF(G17="AGENTE APERTURA",'Semana 1'!$N17+0.007,IF(G17="AGENTE CIERRE",'Semana 1'!$N17+0.007," - "))))) -> 14:20 | P17: =(IFERROR(I17-H17,0)*24)-1 -> 8.0 | Q17: 0.27083333 | R17: =IF(Q17=0,"",Q17+0.209) -> 11:30 | U17: 0.3125 | V17: =IF(U17=0,"",U17+0.021) -> 8:00 | Y17: =(IFERROR(R17-Q17,0)*24) -> 5.0 | Z17: =$P17 -> 8.0 | AA17: =$P17 -> 8.0 | AB17: =$P17 -> 8.0 | AC17: =$P17 -> 8.0 | AD17: =P17+Z17+AA17+AB17+AC17+Y17 -> 45
B18: 13 | C18: No | E18: =Personal!G18 -> - | F18: Semana 1 | G18: =Personal!H18 -> - | I18: =IF(H18=0," ",IF(Q18=0,(H18+0.417),(H18+0.3756))) | K18: =IF(G18="AGENTE",'Semana 1'!$J18+0.042,IF(G18="REDES",'Semana 1'!$J18+0.042,IF(G18="AGENTE RM",'Semana 1'!$J18+0.042,IF(G18="AGENTE APERTURA",'Semana 1'!$J18+0.021,IF(G18="AGENTE CIERRE",'Semana 1'!$J18+0.021," - "))))) -> - | M18: =IF(G18="AGENTE",'Semana 1'!$L18+0.014,IF(G18="REDES",'Semana 1'!$L18+0.014,IF(G18="AGENTE RM",'Semana 1'!$L18+0.014,IF(G18="AGENTE APERTURA",'Semana 1'!$L18+0.014,IF(G18="AGENTE CIERRE",'Semana 1'!$L18+0.014," - "))))) -> - | O18: =IF(G18="AGENTE",'Semana 1'!$N18+0.007,IF(G18="REDES",'Semana 1'!$N18+0.007,IF(G18="AGENTE RM",'Semana 1'!$N18+0.007,IF(G18="AGENTE APERTURA",'Semana 1'!$N18+0.007,IF(G18="AGENTE CIERRE",'Semana 1'!$N18+0.007," - "))))) -> - | P18: =(IFERROR(I18-H18,0)*24)-1 -> -1.0 | R18: =IF(Q18=0,"",Q18+0.209) | V18: =IF(U18=0,"",U18+0.021) | Y18: =(IFERROR(R18-Q18,0)*24) -> 0.0 | Z18: =$P18 -> -1.0 | AA18: =$P18 -> -1.0 | AB18: =$P18 -> -1.0 | AC18: =$P18 -> -1.0 | AD18: =P18+Z18+AA18+AB18+AC18+Y18 -> -5
B19: 14 | C19: Si | E19: =Personal!G19 -> Juan José Puluc Chaicoj | F19: Semana 1 | G19: =Personal!H19 -> SOPORTE | I19: =IF(H19=0," ",IF(Q19=0,(H19+0.417),(H19+0.3756))) | K19: =IF(G19="AGENTE",'Semana 1'!$J19+0.042,IF(G19="REDES",'Semana 1'!$J19+0.042,IF(G19="AGENTE RM",'Semana 1'!$J19+0.042,IF(G19="AGENTE APERTURA",'Semana 1'!$J19+0.021,IF(G19="AGENTE CIERRE",'Semana 1'!$J19+0.021," - "))))) -> - | M19: =IF(G19="AGENTE",'Semana 1'!$L19+0.014,IF(G19="REDES",'Semana 1'!$L19+0.014,IF(G19="AGENTE RM",'Semana 1'!$L19+0.014,IF(G19="AGENTE APERTURA",'Semana 1'!$L19+0.014,IF(G19="AGENTE CIERRE",'Semana 1'!$L19+0.014," - "))))) -> - | O19: =IF(G19="AGENTE",'Semana 1'!$N19+0.007,IF(G19="REDES",'Semana 1'!$N19+0.007,IF(G19="AGENTE RM",'Semana 1'!$N19+0.007,IF(G19="AGENTE APERTURA",'Semana 1'!$N19+0.007,IF(G19="AGENTE CIERRE",'Semana 1'!$N19+0.007," - "))))) -> - | P19: =(IFERROR(I19-H19,0)*24)-1 -> -1.0 | R19: =IF(Q19=0,"",Q19+0.209) | Y19: =(IFERROR(R19-Q19,0)*24) -> 0.0 | Z19: =$P19 -> -1.0 | AA19: =$P19 -> -1.0 | AB19: =$P19 -> -1.0 | AC19: =$P19 -> -1.0 | AD19: =P19+Z19+AA19+AB19+AC19+Y19 -> -5
B20: 15 | C20: Si | E20: =Personal!G20 -> Lydicen Anabelly Navarijo Padilla | F20: Semana 1 | G20: =Personal!H20 -> AGENTE RM | H20: 0.375 | I20: =IF(H20=0," ",IF(Q20=0,(H20+0.417),(H20+0.3756))) -> 18:00 | J20: 0.58333333 | K20: =IF(G20="AGENTE",'Semana 1'!$J20+0.042,IF(G20="REDES",'Semana 1'!$J20+0.042,IF(G20="AGENTE RM",'Semana 1'!$J20+0.042,IF(G20="AGENTE APERTURA",'Semana 1'!$J20+0.021,IF(G20="AGENTE CIERRE",'Semana 1'!$J20+0.021," - "))))) -> 15:00 | L20: 0.39583333 | M20: =IF(G20="AGENTE",'Semana 1'!$L20+0.014,IF(G20="REDES",'Semana 1'!$L20+0.014,IF(G20="AGENTE RM",'Semana 1'!$L20+0.014,IF(G20="AGENTE APERTURA",'Semana 1'!$L20+0.014,IF(G20="AGENTE CIERRE",'Semana 1'!$L20+0.014," - "))))) -> 9:50 | N20: 0.66666667 | O20: =IF(G20="AGENTE",'Semana 1'!$N20+0.007,IF(G20="REDES",'Semana 1'!$N20+0.007,IF(G20="AGENTE RM",'Semana 1'!$N20+0.007,IF(G20="AGENTE APERTURA",'Semana 1'!$N20+0.007,IF(G20="AGENTE CIERRE",'Semana 1'!$N20+0.007," - "))))) -> 16:10 | P20: =(IFERROR(I20-H20,0)*24)-1 -> 8.0 | Q20: 0.41666667 | R20: =IF(Q20=0,"",Q20+0.209) -> 15:00 | U20: 0.4375 | V20: =IF(U20=0,"",U20+0.021) -> 11:00 | Y20: =(IFERROR(R20-Q20,0)*24) -> 5.0 | Z20: =$P20 -> 8.0 | AA20: =$P20 -> 8.0 | AB20: =$P20 -> 8.0 | AC20: =$P20 -> 8.0 | AD20: =P20+Z20+AA20+AB20+AC20+Y20 -> 45
B21: 16 | C21: Si | E21: =Personal!G21 -> Cindy Melissa Aroche Ortiz | F21: Semana 1 | G21: =Personal!H21 -> CONTROL | I21: =IF(H21=0," ",IF(Q21=0,(H21+0.417),(H21+0.3756))) | K21: =IF(G21="AGENTE",'Semana 1'!$J21+0.042,IF(G21="REDES",'Semana 1'!$J21+0.042,IF(G21="AGENTE RM",'Semana 1'!$J21+0.042,IF(G21="AGENTE APERTURA",'Semana 1'!$J21+0.021,IF(G21="AGENTE CIERRE",'Semana 1'!$J21+0.021," - "))))) -> - | M21: =IF(G21="AGENTE",'Semana 1'!$L21+0.014,IF(G21="REDES",'Semana 1'!$L21+0.014,IF(G21="AGENTE RM",'Semana 1'!$L21+0.014,IF(G21="AGENTE APERTURA",'Semana 1'!$L21+0.014,IF(G21="AGENTE CIERRE",'Semana 1'!$L21+0.014," - "))))) -> - | O21: =IF(G21="AGENTE",'Semana 1'!$N21+0.007,IF(G21="REDES",'Semana 1'!$N21+0.007,IF(G21="AGENTE RM",'Semana 1'!$N21+0.007,IF(G21="AGENTE APERTURA",'Semana 1'!$N21+0.007,IF(G21="AGENTE CIERRE",'Semana 1'!$N21+0.007," - "))))) -> - | P21: =(IFERROR(I21-H21,0)*24)-1 -> -1.0 | R21: =IF(Q21=0,"",Q21+0.209) | V21: =IF(U21=0,"",U21+0.021) | Y21: =(IFERROR(R21-Q21,0)*24) -> 0.0 | Z21: =$P21 -> -1.0 | AA21: =$P21 -> -1.0 | AB21: =$P21 -> -1.0 | AC21: =$P21 -> -1.0 | AD21: =P21+Z21+AA21+AB21+AC21+Y21 -> -5
B22: 17 | C22: Si | E22: =Personal!G22 -> Katherin Gabriela Monzon Vivar | F22: Semana 1 | G22: =Personal!H22 -> AGENTE | H22: 0.33333333 | I22: =IF(H22=0," ",IF(Q22=0,(H22+0.417),(H22+0.3756))) -> 17:00 | J22: 0.5625 | K22: =IF(G22="AGENTE",'Semana 1'!$J22+0.042,IF(G22="REDES",'Semana 1'!$J22+0.042,IF(G22="AGENTE RM",'Semana 1'!$J22+0.042,IF(G22="AGENTE APERTURA",'Semana 1'!$J22+0.021,IF(G22="AGENTE CIERRE",'Semana 1'!$J22+0.021," - "))))) -> 14:30 | L22: 0.38541667 | M22: =IF(G22="AGENTE",'Semana 1'!$L22+0.014,IF(G22="REDES",'Semana 1'!$L22+0.014,IF(G22="AGENTE RM",'Semana 1'!$L22+0.014,IF(G22="AGENTE APERTURA",'Semana 1'!$L22+0.014,IF(G22="AGENTE CIERRE",'Semana 1'!$L22+0.014," - "))))) -> 9:35 | N22: 0.69791667 | O22: =IF(G22="AGENTE",'Semana 1'!$N22+0.007,IF(G22="REDES",'Semana 1'!$N22+0.007,IF(G22="AGENTE RM",'Semana 1'!$N22+0.007,IF(G22="AGENTE APERTURA",'Semana 1'!$N22+0.007,IF(G22="AGENTE CIERRE",'Semana 1'!$N22+0.007," - "))))) -> 16:55 | P22: =(IFERROR(I22-H22,0)*24)-1 -> 8.0 | Q22: 0.33333333 | R22: =IF(Q22=0,"",Q22+0.209) -> 13:00 | U22: 0.35416667 | V22: =IF(U22=0,"",U22+0.021) -> 9:00 | Y22: =(IFERROR(R22-Q22,0)*24) -> 5.0 | Z22: =$P22 -> 8.0 | AA22: =$P22 -> 8.0 | AB22: =$P22 -> 8.0 | AC22: =$P22 -> 8.0 | AD22: =P22+Z22+AA22+AB22+AC22+Y22 -> 45
B23: 18 | C23: Si | E23: =Personal!G23 -> Velvet Esmeralda Quiroz Godinez | F23: Semana 1 | G23: =Personal!H23 -> AGENTE RM | H23: 0.3125 | I23: =IF(H23=0," ",IF(Q23=0,(H23+0.417),(H23+0.3756))) -> 16:30 | J23: 0.54166667 | K23: =IF(G23="AGENTE",'Semana 1'!$J23+0.042,IF(G23="REDES",'Semana 1'!$J23+0.042,IF(G23="AGENTE RM",'Semana 1'!$J23+0.042,IF(G23="AGENTE APERTURA",'Semana 1'!$J23+0.021,IF(G23="AGENTE CIERRE",'Semana 1'!$J23+0.021," - "))))) -> 14:00 | L23: 0.34722222 | M23: =IF(G23="AGENTE",'Semana 1'!$L23+0.014,IF(G23="REDES",'Semana 1'!$L23+0.014,IF(G23="AGENTE RM",'Semana 1'!$L23+0.014,IF(G23="AGENTE APERTURA",'Semana 1'!$L23+0.014,IF(G23="AGENTE CIERRE",'Semana 1'!$L23+0.014," - "))))) -> 8:40 | N23: 0.60416667 | O23: =IF(G23="AGENTE",'Semana 1'!$N23+0.007,IF(G23="REDES",'Semana 1'!$N23+0.007,IF(G23="AGENTE RM",'Semana 1'!$N23+0.007,IF(G23="AGENTE APERTURA",'Semana 1'!$N23+0.007,IF(G23="AGENTE CIERRE",'Semana 1'!$N23+0.007," - "))))) -> 14:40 | P23: =(IFERROR(I23-H23,0)*24)-1 -> 8.0 | Q23: 0.375 | R23: =IF(Q23=0,"",Q23+0.209) -> 14:00 | T23: =IF(S23=0,"",S23+0.041) | U23: 0.41666667 | V23: =IF(U23=0,"",U23+0.021) -> 10:30 | X23: =IF(W23=0,"",W23+0.01) | Y23: =(IFERROR(R23-Q23,0)*24) -> 5.0 | Z23: =$P23 -> 8.0 | AA23: =$P23 -> 8.0 | AB23: =$P23 -> 8.0 | AC23: =$P23 -> 8.0 | AD23: =P23+Z23+AA23+AB23+AC23+Y23 -> 45
B24: 19 | C24: Si | E24: =Personal!G24 -> Marcela Alessandra López Melgar | F24: Semana 1 | G24: =Personal!H24 -> REDES | H24: 0.27083333 | I24: =IF(H24=0," ",IF(Q24=0,(H24+0.417),(H24+0.3756))) -> 15:30 | J24: 0.54166667 | K24: =IF(G24="AGENTE",'Semana 1'!$J24+0.042,IF(G24="REDES",'Semana 1'!$J24+0.042,IF(G24="AGENTE RM",'Semana 1'!$J24+0.042,IF(G24="AGENTE APERTURA",'Semana 1'!$J24+0.021,IF(G24="AGENTE CIERRE",'Semana 1'!$J24+0.021," - "))))) -> 14:00 | L24: 0.33333333 | M24: =IF(G24="AGENTE",'Semana 1'!$L24+0.014,IF(G24="REDES",'Semana 1'!$L24+0.014,IF(G24="AGENTE RM",'Semana 1'!$L24+0.014,IF(G24="AGENTE APERTURA",'Semana 1'!$L24+0.014,IF(G24="AGENTE CIERRE",'Semana 1'!$L24+0.014," - "))))) -> 8:20 | N24: 0.58333333 | O24: =IF(G24="AGENTE",'Semana 1'!$N24+0.007,IF(G24="REDES",'Semana 1'!$N24+0.007,IF(G24="AGENTE RM",'Semana 1'!$N24+0.007,IF(G24="AGENTE APERTURA",'Semana 1'!$N24+0.007,IF(G24="AGENTE CIERRE",'Semana 1'!$N24+0.007," - "))))) -> 14:10 | P24: =(IFERROR(I24-H24,0)*24)-1 -> 8.0 | Q24: 0.27083333 | R24: =IF(Q24=0,"",Q24+0.209) -> 11:30 | U24: 0.3125 | V24: =IF(U24=0,"",U24+0.021) -> 8:00 | Y24: =(IFERROR(R24-Q24,0)*24) -> 5.0 | Z24: =$P24 -> 8.0 | AA24: =$P24 -> 8.0 | AB24: =$P24 -> 8.0 | AC24: =$P24 -> 8.0 | AD24: =P24+Z24+AA24+AB24+AC24+Y24 -> 45
B25: 20 | C25: Si | E25: =Personal!G25 -> Ana Marilú González de la Cruz | F25: Semana 1 | G25: =Personal!H25 -> SOPORTE | I25: =IF(H25=0," ",IF(Q25=0,(H25+0.417),(H25+0.3756))) | K25: =IF(G25="AGENTE",'Semana 1'!$J25+0.042,IF(G25="REDES",'Semana 1'!$J25+0.042,IF(G25="AGENTE RM",'Semana 1'!$J25+0.042,IF(G25="AGENTE APERTURA",'Semana 1'!$J25+0.021,IF(G25="AGENTE CIERRE",'Semana 1'!$J25+0.021," - "))))) -> - | M25: =IF(G25="AGENTE",'Semana 1'!$L25+0.014,IF(G25="REDES",'Semana 1'!$L25+0.014,IF(G25="AGENTE RM",'Semana 1'!$L25+0.014,IF(G25="AGENTE APERTURA",'Semana 1'!$L25+0.014,IF(G25="AGENTE CIERRE",'Semana 1'!$L25+0.014," - "))))) -> - | O25: =IF(G25="AGENTE",'Semana 1'!$N25+0.007,IF(G25="REDES",'Semana 1'!$N25+0.007,IF(G25="AGENTE RM",'Semana 1'!$N25+0.007,IF(G25="AGENTE APERTURA",'Semana 1'!$N25+0.007,IF(G25="AGENTE CIERRE",'Semana 1'!$N25+0.007," - "))))) -> - | P25: =(IFERROR(I25-H25,0)*24)-1 -> -1.0 | R25: =IF(Q25=0,"",Q25+0.209) | V25: =IF(U25=0,"",U25+0.021) | Y25: =(IFERROR(R25-Q25,0)*24) -> 0.0 | Z25: =$P25 -> -1.0 | AA25: =$P25 -> -1.0 | AB25: =$P25 -> -1.0 | AC25: =$P25 -> -1.0 | AD25: =P25+Z25+AA25+AB25+AC25+Y25 -> -5
B26: 21 | C26: Si | E26: =Personal!G26 -> Ingrid Rebeca Santizo Lopez | F26: Semana 1 | G26: =Personal!H26 -> AGENTE APERTURA | H26: 0 | I26: 0.29166667 | J26: 0.125 | K26: =IF(G26="AGENTE",'Semana 1'!$J26+0.042,IF(G26="REDES",'Semana 1'!$J26+0.042,IF(G26="AGENTE RM",'Semana 1'!$J26+0.042,IF(G26="AGENTE APERTURA",'Semana 1'!$J26+0.021,IF(G26="AGENTE CIERRE",'Semana 1'!$J26+0.021," - "))))) -> 3:30 | L26: 0.14583333 | M26: =IF(G26="AGENTE",'Semana 1'!$L26+0.014,IF(G26="REDES",'Semana 1'!$L26+0.014,IF(G26="AGENTE RM",'Semana 1'!$L26+0.014,IF(G26="AGENTE APERTURA",'Semana 1'!$L26+0.014,IF(G26="AGENTE CIERRE",'Semana 1'!$L26+0.014," - "))))) -> 3:50 | N26: 0.15972222 | O26: =IF(G26="AGENTE",'Semana 1'!$N26+0.007,IF(G26="REDES",'Semana 1'!$N26+0.007,IF(G26="AGENTE RM",'Semana 1'!$N26+0.007,IF(G26="AGENTE APERTURA",'Semana 1'!$N26+0.007,IF(G26="AGENTE CIERRE",'Semana 1'!$N26+0.007," - "))))) -> 4:00 | P26: =(IFERROR(I26-H26,0)*24)-1 -> 6.0 | Q26: 0 | R26: 0.29166667 | S26: 0.125 | T26: =IF(G26="AGENTE",'Semana 1'!$S26+0.042,IF(G26="REDES",'Semana 1'!$S26+0.042,IF(G26="AGENTE RM",'Semana 1'!$S26+0.042,IF(G26="AGENTE APERTURA",'Semana 1'!$S26+0.021,IF(G26="AGENTE CIERRE",'Semana 1'!$S26+0.021," - "))))) -> 3:30 | U26: 0.14583333 | V26: =IF(G26="AGENTE",'Semana 1'!$U26+0.014,IF(G26="REDES",'Semana 1'!$U26+0.014,IF(G26="AGENTE RM",'Semana 1'!$U26+0.014,IF(G26="AGENTE APERTURA",'Semana 1'!$U26+0.014,IF(G26="AGENTE CIERRE",'Semana 1'!$U26+0.014," - "))))) -> 3:50 | W26: 0.15972222 | X26: =IF(G26="AGENTE",'Semana 1'!$W26+0.007,IF(G26="REDES",'Semana 1'!$W26+0.007,IF(G26="AGENTE RM",'Semana 1'!$W26+0.007,IF(G26="AGENTE APERTURA",'Semana 1'!$W26+0.007,IF(G26="AGENTE CIERRE",'Semana 1'!$W26+0.007," - "))))) -> 4:00 | Y26: =(IFERROR(R26-Q26,0)*24)-1 -> 6.0 | Z26: =$P26 -> 6.0 | AA26: =$P26 -> 6.0 | AB26: =$P26 -> 6.0 | AC26: =$P26 -> 6.0 | AD26: =P26+Z26+AA26+AB26+AC26+Y26 -> 36
B27: 22 | C27: No | E27: =Personal!G27 -> - | F27: Semana 1 | G27: =Personal!H27 -> - | I27: =IF(H27=0," ",IF(Q27=0,(H27+0.417),(H27+0.292))) | K27: =IF(G27="AGENTE",'Semana 1'!$J27+0.042,IF(G27="REDES",'Semana 1'!$J27+0.042,IF(G27="AGENTE RM",'Semana 1'!$J27+0.042,IF(G27="AGENTE APERTURA",'Semana 1'!$J27+0.021,IF(G27="AGENTE CIERRE",'Semana 1'!$J27+0.021," - "))))) -> - | M27: =IF(G27="AGENTE",'Semana 1'!$L27+0.014,IF(G27="REDES",'Semana 1'!$L27+0.014,IF(G27="AGENTE RM",'Semana 1'!$L27+0.014,IF(G27="AGENTE APERTURA",'Semana 1'!$L27+0.014,IF(G27="AGENTE CIERRE",'Semana 1'!$L27+0.014," - "))))) -> - | O27: =IF(G27="AGENTE",'Semana 1'!$N27+0.007,IF(G27="REDES",'Semana 1'!$N27+0.007,IF(G27="AGENTE RM",'Semana 1'!$N27+0.007,IF(G27="AGENTE APERTURA",'Semana 1'!$N27+0.007,IF(G27="AGENTE CIERRE",'Semana 1'!$N27+0.007," - "))))) -> - | P27: =(IFERROR(I27-H27,0)*24)-1 -> -1.0 | R27: =IF(Q27=0," ",IF(Z27=0,(Q27+0.417),(Q27+0.292))) | T27: =IF(S27=0,"",S27+0.041) | V27: =IF(U27=0,"",U27+0.01) | X27: =IF(W27=0,"",W27+0.01) | Y27: =(IFERROR(R27-Q27,0)*24) -> 0.0 | Z27: =$P27 -> -1.0 | AA27: =$P27 -> -1.0 | AB27: =$P27 -> -1.0 | AC27: =$P27 -> -1.0 | AD27: =P27+Z27+AA27+AB27+AC27+Y27 -> -5
B28: 23 | C28: Si | E28: =Personal!G28 -> Byron Abdiel Santos Mejia | F28: Semana 1 | G28: =Personal!H28 -> AGENTE | H28: 0.375 | I28: =IF(H28=0," ",IF(Q28=0,(H28+0.417),(H28+0.3756))) -> 18:00 | J28: 0.625 | K28: =IF(G28="AGENTE",'Semana 1'!$J28+0.042,IF(G28="REDES",'Semana 1'!$J28+0.042,IF(G28="AGENTE RM",'Semana 1'!$J28+0.042,IF(G28="AGENTE APERTURA",'Semana 1'!$J28+0.021,IF(G28="AGENTE CIERRE",'Semana 1'!$J28+0.021," - "))))) -> 16:00 | L28: 0.29166667 | M28: =IF(G28="AGENTE",'Semana 1'!$L28+0.014,IF(G28="REDES",'Semana 1'!$L28+0.014,IF(G28="AGENTE RM",'Semana 1'!$L28+0.014,IF(G28="AGENTE APERTURA",'Semana 1'!$L28+0.014,IF(G28="AGENTE CIERRE",'Semana 1'!$L28+0.014," - "))))) -> 7:20 | N28: 0.71875 | O28: =IF(G28="AGENTE",'Semana 1'!$N28+0.007,IF(G28="REDES",'Semana 1'!$N28+0.007,IF(G28="AGENTE RM",'Semana 1'!$N28+0.007,IF(G28="AGENTE APERTURA",'Semana 1'!$N28+0.007,IF(G28="AGENTE CIERRE",'Semana 1'!$N28+0.007," - "))))) -> 17:25 | P28: =(IFERROR(I28-H28,0)*24)-1 -> 8.0 | Q28: 0.375 | R28: =IF(Q28=0,"",Q28+0.209) -> 14:00 | T28: =IF(S28=0,"",S28+0.041) | U28: 0.37708333 | V28: =IF(U28=0,"",U28+0.01) -> 9:17 | X28: =IF(W28=0,"",W28+0.01) | Y28: =(IFERROR(R28-Q28,0)*24) -> 5.0 | Z28: =$P28 -> 8.0 | AA28: =$P28 -> 8.0 | AB28: =$P28 -> 8.0 | AC28: =$P28 -> 8.0 | AD28: =P28+Z28+AA28+AB28+AC28+Y28 -> 45
B29: 24 | C29: Si | E29: =Personal!G29 -> Karen Lisbeth Vega Ramirez | F29: Semana 1 | G29: =Personal!H29 -> REDES | H29: 0.375 | I29: =IF(H29=0," ",IF(Q29=0,(H29+0.417),(H29+0.3756))) -> 18:00 | J29: 0.5 | K29: =IF(G29="AGENTE",'Semana 1'!$J29+0.042,IF(G29="REDES",'Semana 1'!$J29+0.042,IF(G29="AGENTE RM",'Semana 1'!$J29+0.042,IF(G29="AGENTE APERTURA",'Semana 1'!$J29+0.021,IF(G29="AGENTE CIERRE",'Semana 1'!$J29+0.021," - "))))) -> 13:00 | L29: 0.45833333 | M29: =IF(G29="AGENTE",'Semana 1'!$L29+0.014,IF(G29="REDES",'Semana 1'!$L29+0.014,IF(G29="AGENTE RM",'Semana 1'!$L29+0.014,IF(G29="AGENTE APERTURA",'Semana 1'!$L29+0.014,IF(G29="AGENTE CIERRE",'Semana 1'!$L29+0.014," - "))))) -> 11:20 | N29: 0.65972222 | O29: =IF(G29="AGENTE",'Semana 1'!$N29+0.007,IF(G29="REDES",'Semana 1'!$N29+0.007,IF(G29="AGENTE RM",'Semana 1'!$N29+0.007,IF(G29="AGENTE APERTURA",'Semana 1'!$N29+0.007,IF(G29="AGENTE CIERRE",'Semana 1'!$N29+0.007," - "))))) -> 16:00 | P29: =(IFERROR(I29-H29,0)*24)-1 -> 8.0 | Q29: 0.27083333 | R29: =IF(Q29=0,"",Q29+0.209) -> 11:30 | U29: 0.33333333 | V29: =IF(U29=0,"",U29+0.021) -> 8:30 | Y29: =(IFERROR(R29-Q29,0)*24) -> 5.0 | Z29: =$P29 -> 8.0 | AA29: =$P29 -> 8.0 | AB29: =$P29 -> 8.0 | AC29: =$P29 -> 8.0 | AD29: =P29+Z29+AA29+AB29+AC29+Y29 -> 45
B30: 25 | C30: Si | E30: =Personal!G30 -> Osiris Azucena Leiva Leon | F30: Semana 1 | G30: =Personal!H30 -> AGENTE | H30: 0.29166667 | I30: =IF(H30=0," ",IF(Q30=0,(H30+0.417),(H30+0.3756))) -> 16:00 | J30: 0.5 | K30: =IF(G30="AGENTE",'Semana 1'!$J30+0.042,IF(G30="REDES",'Semana 1'!$J30+0.042,IF(G30="AGENTE RM",'Semana 1'!$J30+0.042,IF(G30="AGENTE APERTURA",'Semana 1'!$J30+0.021,IF(G30="AGENTE CIERRE",'Semana 1'!$J30+0.021," - "))))) -> 13:00 | L30: 0.35416667 | M30: =IF(G30="AGENTE",'Semana 1'!$L30+0.014,IF(G30="REDES",'Semana 1'!$L30+0.014,IF(G30="AGENTE RM",'Semana 1'!$L30+0.014,IF(G30="AGENTE APERTURA",'Semana 1'!$L30+0.014,IF(G30="AGENTE CIERRE",'Semana 1'!$L30+0.014," - "))))) -> 8:50 | N30: 0.65625 | O30: =IF(G30="AGENTE",'Semana 1'!$N30+0.007,IF(G30="REDES",'Semana 1'!$N30+0.007,IF(G30="AGENTE RM",'Semana 1'!$N30+0.007,IF(G30="AGENTE APERTURA",'Semana 1'!$N30+0.007,IF(G30="AGENTE CIERRE",'Semana 1'!$N30+0.007," - "))))) -> 15:55 | P30: =(IFERROR(I30-H30,0)*24)-1 -> 8.0 | Q30: 0.41666667 | R30: =IF(Q30=0,"",Q30+0.209) -> 15:00 | U30: 0.45833333 | V30: =IF(U30=0,"",U30+0.021) -> 11:30 | Y30: =(IFERROR(R30-Q30,0)*24) -> 5.0 | Z30: =$P30 -> 8.0 | AA30: =$P30 -> 8.0 | AB30: =$P30 -> 8.0 | AC30: =$P30 -> 8.0 | AD30: =P30+Z30+AA30+AB30+AC30+Y30 -> 45
B31: 26 | C31: Si | E31: =Personal!G31 -> Gabriela Abigail Guzman Diaz | F31: Semana 1 | G31: =Personal!H31 -> SOPORTE | I31: =IF(H31=0," ",IF(Q31=0,(H31+0.417),(H31+0.3756))) | K31: =IF(G31="AGENTE",'Semana 1'!$J31+0.042,IF(G31="REDES",'Semana 1'!$J31+0.042,IF(G31="AGENTE RM",'Semana 1'!$J31+0.042,IF(G31="AGENTE APERTURA",'Semana 1'!$J31+0.021,IF(G31="AGENTE CIERRE",'Semana 1'!$J31+0.021," - "))))) -> - | M31: =IF(G31="AGENTE",'Semana 1'!$L31+0.014,IF(G31="REDES",'Semana 1'!$L31+0.014,IF(G31="AGENTE RM",'Semana 1'!$L31+0.014,IF(G31="AGENTE APERTURA",'Semana 1'!$L31+0.014,IF(G31="AGENTE CIERRE",'Semana 1'!$L31+0.014," - "))))) -> - | O31: =IF(G31="AGENTE",'Semana 1'!$N31+0.007,IF(G31="REDES",'Semana 1'!$N31+0.007,IF(G31="AGENTE RM",'Semana 1'!$N31+0.007,IF(G31="AGENTE APERTURA",'Semana 1'!$N31+0.007,IF(G31="AGENTE CIERRE",'Semana 1'!$N31+0.007," - "))))) -> - | P31: =(IFERROR(I31-H31,0)*24)-1 -> -1.0 | R31: =IF(Q31=0,"",Q31+0.209) | V31: =IF(U31=0,"",U31+0.021) | Y31: =(IFERROR(R31-Q31,0)*24) -> 0.0 | Z31: =$P31 -> -1.0 | AA31: =$P31 -> -1.0 | AB31: =$P31 -> -1.0 | AC31: =$P31 -> -1.0 | AD31: =P31+Z31+AA31+AB31+AC31+Y31 -> -5
B32: 27 | C32: Si | E32: =Personal!G32 -> Consuelo Magali Herrarte Bautista | F32: Semana 1 | G32: =Personal!H32 -> AGENTE | H32: 0.41666667 | I32: =IF(H32=0," ",IF(Q32=0,(H32+0.417),(H32+0.3756))) -> 19:00 | J32: 0.625 | K32: =IF(G32="AGENTE",'Semana 1'!$J32+0.042,IF(G32="REDES",'Semana 1'!$J32+0.042,IF(G32="AGENTE RM",'Semana 1'!$J32+0.042,IF(G32="AGENTE APERTURA",'Semana 1'!$J32+0.021,IF(G32="AGENTE CIERRE",'Semana 1'!$J32+0.021," - "))))) -> 16:00 | L32: 0.4375 | M32: =IF(G32="AGENTE",'Semana 1'!$L32+0.014,IF(G32="REDES",'Semana 1'!$L32+0.014,IF(G32="AGENTE RM",'Semana 1'!$L32+0.014,IF(G32="AGENTE APERTURA",'Semana 1'!$L32+0.014,IF(G32="AGENTE CIERRE",'Semana 1'!$L32+0.014," - "))))) -> 10:50 | N32: 0.75 | O32: =IF(G32="AGENTE",'Semana 1'!$N32+0.007,IF(G32="REDES",'Semana 1'!$N32+0.007,IF(G32="AGENTE RM",'Semana 1'!$N32+0.007,IF(G32="AGENTE APERTURA",'Semana 1'!$N32+0.007,IF(G32="AGENTE CIERRE",'Semana 1'!$N32+0.007," - "))))) -> 18:10 | P32: =(IFERROR(I32-H32,0)*24)-1 -> 8.0 | Q32: 0.41666667 | R32: =IF(Q32=0,"",Q32+0.209) -> 15:00 | U32: 0.47916667 | V32: =IF(U32=0,"",U32+0.021) -> 12:00 | Y32: =(IFERROR(R32-Q32,0)*24) -> 5.0 | Z32: =$P32 -> 8.0 | AA32: =$P32 -> 8.0 | AB32: =$P32 -> 8.0 | AC32: =$P32 -> 8.0 | AD32: =P32+Z32+AA32+AB32+AC32+Y32 -> 45
B33: 28 | C33: No | E33: =Personal!G33 -> - | F33: Semana 1 | G33: =Personal!H33 -> - | I33: =IF(H33=0," ",IF(Q33=0,(H33+0.417),(H33+0.292))) | K33: =IF(G33="AGENTE",'Semana 1'!$J33+0.042,IF(G33="REDES",'Semana 1'!$J33+0.042,IF(G33="AGENTE RM",'Semana 1'!$J33+0.042,IF(G33="AGENTE APERTURA",'Semana 1'!$J33+0.021,IF(G33="AGENTE CIERRE",'Semana 1'!$J33+0.021," - "))))) -> - | M33: =IF(G33="AGENTE",'Semana 1'!$L33+0.014,IF(G33="REDES",'Semana 1'!$L33+0.014,IF(G33="AGENTE RM",'Semana 1'!$L33+0.014,IF(G33="AGENTE APERTURA",'Semana 1'!$L33+0.014,IF(G33="AGENTE CIERRE",'Semana 1'!$L33+0.014," - "))))) -> - | O33: =IF(G33="AGENTE",'Semana 1'!$N33+0.007,IF(G33="REDES",'Semana 1'!$N33+0.007,IF(G33="AGENTE RM",'Semana 1'!$N33+0.007,IF(G33="AGENTE APERTURA",'Semana 1'!$N33+0.007,IF(G33="AGENTE CIERRE",'Semana 1'!$N33+0.007," - "))))) -> - | P33: =(IFERROR(I33-H33,0)*24)-1 -> -1.0 | R33: =IF(Q33=0," ",IF(Z33=0,(Q33+0.417),(Q33+0.292))) | T33: =IF(S33=0,"",S33+0.041) | V33: =IF(U33=0,"",U33+0.01) | X33: =IF(W33=0,"",W33+0.01) | Y33: =(IFERROR(R33-Q33,0)*24) -> 0.0 | Z33: =$P33 -> -1.0 | AA33: =$P33 -> -1.0 | AB33: =$P33 -> -1.0 | AC33: =$P33 -> -1.0 | AD33: =P33+Z33+AA33+AB33+AC33+Y33 -> -5
B34: 29 | C34: No | E34: =Personal!G34 -> - | F34: Semana 1 | G34: =Personal!H34 -> - | I34: =IF(H34=0," ",IF(Q34=0,(H34+0.417),(H34+0.3756))) | K34: =IF(G34="AGENTE",'Semana 1'!$J34+0.042,IF(G34="REDES",'Semana 1'!$J34+0.042,IF(G34="AGENTE RM",'Semana 1'!$J34+0.042,IF(G34="AGENTE APERTURA",'Semana 1'!$J34+0.021,IF(G34="AGENTE CIERRE",'Semana 1'!$J34+0.021," - "))))) -> - | M34: =IF(G34="AGENTE",'Semana 1'!$L34+0.014,IF(G34="REDES",'Semana 1'!$L34+0.014,IF(G34="AGENTE RM",'Semana 1'!$L34+0.014,IF(G34="AGENTE APERTURA",'Semana 1'!$L34+0.014,IF(G34="AGENTE CIERRE",'Semana 1'!$L34+0.014," - "))))) -> - | O34: =IF(G34="AGENTE",'Semana 1'!$N34+0.007,IF(G34="REDES",'Semana 1'!$N34+0.007,IF(G34="AGENTE RM",'Semana 1'!$N34+0.007,IF(G34="AGENTE APERTURA",'Semana 1'!$N34+0.007,IF(G34="AGENTE CIERRE",'Semana 1'!$N34+0.007," - "))))) -> - | P34: =(IFERROR(I34-H34,0)*24)-1 -> -1.0 | R34: =IF(Q34=0,"",Q34+0.209) | T34: =IF(S34=0,"",S34+0.041) | V34: =IF(U34=0,"",U34+0.01) | X34: =IF(W34=0,"",W34+0.01) | Y34: =(IFERROR(R34-Q34,0)*24) -> 0.0 | Z34: =$P34 -> -1.0 | AA34: =$P34 -> -1.0 | AB34: =$P34 -> -1.0 | AC34: =$P34 -> -1.0 | AD34: =P34+Z34+AA34+AB34+AC34+Y34 -> -5
B35: 30 | C35: Si | E35: =Personal!G35 -> Yoselin Delfina Lucas Juárez | F35: Semana 1 | G35: =Personal!H35 -> REDES | H35: 0.375 | I35: =IF(H35=0," ",IF(Q35=0,(H35+0.417),(H35+0.3756))) -> 18:00 | J35: 0.5 | K35: =IF(G35="AGENTE",'Semana 1'!$J35+0.042,IF(G35="REDES",'Semana 1'!$J35+0.042,IF(G35="AGENTE RM",'Semana 1'!$J35+0.042,IF(G35="AGENTE APERTURA",'Semana 1'!$J35+0.021,IF(G35="AGENTE CIERRE",'Semana 1'!$J35+0.021," - "))))) -> 13:00 | L35: 0.44444444 | M35: =IF(G35="AGENTE",'Semana 1'!$L35+0.014,IF(G35="REDES",'Semana 1'!$L35+0.014,IF(G35="AGENTE RM",'Semana 1'!$L35+0.014,IF(G35="AGENTE APERTURA",'Semana 1'!$L35+0.014,IF(G35="AGENTE CIERRE",'Semana 1'!$L35+0.014," - "))))) -> 11:00 | N35: 0.66666667 | O35: =IF(G35="AGENTE",'Semana 1'!$N35+0.007,IF(G35="REDES",'Semana 1'!$N35+0.007,IF(G35="AGENTE RM",'Semana 1'!$N35+0.007,IF(G35="AGENTE APERTURA",'Semana 1'!$N35+0.007,IF(G35="AGENTE CIERRE",'Semana 1'!$N35+0.007," - "))))) -> 16:10 | P35: =(IFERROR(I35-H35,0)*24)-1 -> 8.0 | Q35: 0.41666667 | R35: =IF(Q35=0,"",Q35+0.209) -> 15:00 | T35: =IF(S35=0,"",S35+0.041) | U35: 0.5 | V35: =IF(U35=0,"",U35+0.01) -> 12:14 | X35: =IF(W35=0,"",W35+0.01) | Y35: =(IFERROR(R35-Q35,0)*24) -> 5.0 | Z35: =$P35 -> 8.0 | AA35: =$P35 -> 8.0 | AB35: =$P35 -> 8.0 | AC35: =$P35 -> 8.0 | AD35: =P35+Z35+AA35+AB35+AC35+Y35 -> 45
B36: 31 | C36: Si | E36: =Personal!G36 -> Marleny Elizabeth Orozco Carrera | F36: Semana 1 | G36: =Personal!H36 -> AGENTE | H36: 0.33333333 | I36: =IF(H36=0," ",IF(Q36=0,(H36+0.417),(H36+0.3756))) -> 17:00 | J36: 0.5625 | K36: =IF(G36="AGENTE",'Semana 1'!$J36+0.042,IF(G36="REDES",'Semana 1'!$J36+0.042,IF(G36="AGENTE RM",'Semana 1'!$J36+0.042,IF(G36="AGENTE APERTURA",'Semana 1'!$J36+0.021,IF(G36="AGENTE CIERRE",'Semana 1'!$J36+0.021," - "))))) -> 14:30 | L36: 0.34375 | M36: =IF(G36="AGENTE",'Semana 1'!$L36+0.014,IF(G36="REDES",'Semana 1'!$L36+0.014,IF(G36="AGENTE RM",'Semana 1'!$L36+0.014,IF(G36="AGENTE APERTURA",'Semana 1'!$L36+0.014,IF(G36="AGENTE CIERRE",'Semana 1'!$L36+0.014," - "))))) -> 8:35 | N36: 0.67708333 | O36: =IF(G36="AGENTE",'Semana 1'!$N36+0.007,IF(G36="REDES",'Semana 1'!$N36+0.007,IF(G36="AGENTE RM",'Semana 1'!$N36+0.007,IF(G36="AGENTE APERTURA",'Semana 1'!$N36+0.007,IF(G36="AGENTE CIERRE",'Semana 1'!$N36+0.007," - "))))) -> 16:25 | P36: =(IFERROR(I36-H36,0)*24)-1 -> 8.0 | Q36: 0.35416667 | R36: =IF(Q36=0,"",Q36+0.209) -> 13:30 | U36: 0.375 | V36: =IF(U36=0,"",U36+0.021) -> 9:30 | Y36: =(IFERROR(R36-Q36,0)*24) -> 5.0 | Z36: =$P36 -> 8.0 | AA36: =$P36 -> 8.0 | AB36: =$P36 -> 8.0 | AC36: =$P36 -> 8.0 | AD36: =P36+Z36+AA36+AB36+AC36+Y36 -> 45
B37: 32 | C37: Si | E37: =Personal!G37 -> Cristian Eduardo Xiloj Zamor | F37: Semana 1 | G37: =Personal!H37 -> AGENTE RM | H37: 0.29166667 | I37: =IF(H37=0," ",IF(Q37=0,(H37+0.417),(H37+0.3756))) -> 16:00 | J37: 0.5 | K37: =IF(G37="AGENTE",'Semana 1'!$J37+0.042,IF(G37="REDES",'Semana 1'!$J37+0.042,IF(G37="AGENTE RM",'Semana 1'!$J37+0.042,IF(G37="AGENTE APERTURA",'Semana 1'!$J37+0.021,IF(G37="AGENTE CIERRE",'Semana 1'!$J37+0.021," - "))))) -> 13:00 | L37: 0.33333333 | M37: =IF(G37="AGENTE",'Semana 1'!$L37+0.014,IF(G37="REDES",'Semana 1'!$L37+0.014,IF(G37="AGENTE RM",'Semana 1'!$L37+0.014,IF(G37="AGENTE APERTURA",'Semana 1'!$L37+0.014,IF(G37="AGENTE CIERRE",'Semana 1'!$L37+0.014," - "))))) -> 8:20 | N37: 0.59375 | O37: =IF(G37="AGENTE",'Semana 1'!$N37+0.007,IF(G37="REDES",'Semana 1'!$N37+0.007,IF(G37="AGENTE RM",'Semana 1'!$N37+0.007,IF(G37="AGENTE APERTURA",'Semana 1'!$N37+0.007,IF(G37="AGENTE CIERRE",'Semana 1'!$N37+0.007," - "))))) -> 14:25 | P37: =(IFERROR(I37-H37,0)*24)-1 -> 8.0 | Q37: 0.29166667 | R37: =IF(Q37=0,"",Q37+0.209) -> 12:00 | U37: 0.35416667 | V37: =IF(U37=0,"",U37+0.021) -> 9:00 | Y37: =(IFERROR(R37-Q37,0)*24) -> 5.0 | Z37: =$P37 -> 8.0 | AA37: =$P37 -> 8.0 | AB37: =$P37 -> 8.0 | AC37: =$P37 -> 8.0 | AD37: =P37+Z37+AA37+AB37+AC37+Y37 -> 45
B38: 33 | C38: No | E38: =Personal!G38 -> - | F38: Semana 1 | G38: =Personal!H38 -> - | I38: =IF(H38=0," ",IF(Q38=0,(H38+0.417),(H38+0.3756))) | K38: =IF(G38="AGENTE",'Semana 1'!$J38+0.042,IF(G38="REDES",'Semana 1'!$J38+0.042,IF(G38="AGENTE RM",'Semana 1'!$J38+0.042,IF(G38="AGENTE APERTURA",'Semana 1'!$J38+0.021,IF(G38="AGENTE CIERRE",'Semana 1'!$J38+0.021," - "))))) -> - | M38: =IF(G38="AGENTE",'Semana 1'!$L38+0.014,IF(G38="REDES",'Semana 1'!$L38+0.014,IF(G38="AGENTE RM",'Semana 1'!$L38+0.014,IF(G38="AGENTE APERTURA",'Semana 1'!$L38+0.014,IF(G38="AGENTE CIERRE",'Semana 1'!$L38+0.014," - "))))) -> - | O38: =IF(G38="AGENTE",'Semana 1'!$N38+0.007,IF(G38="REDES",'Semana 1'!$N38+0.007,IF(G38="AGENTE RM",'Semana 1'!$N38+0.007,IF(G38="AGENTE APERTURA",'Semana 1'!$N38+0.007,IF(G38="AGENTE CIERRE",'Semana 1'!$N38+0.007," - "))))) -> - | P38: =(IFERROR(I38-H38,0)*24)-1 -> -1.0 | R38: =IF(Q38=0,"",Q38+0.209) | V38: =IF(U38=0,"",U38+0.021) | Y38: =(IFERROR(R38-Q38,0)*24) -> 0.0 | Z38: =$P38 -> -1.0 | AA38: =$P38 -> -1.0 | AB38: =$P38 -> -1.0 | AC38: =$P38 -> -1.0 | AD38: =P38+Z38+AA38+AB38+AC38+Y38 -> -5
B39: 34 | C39: Si | E39: =Personal!G39 -> Diego Leonardo Patzan Patzan | F39: Semana 1 | G39: =Personal!H39 -> AGENTE | H39: 0.33333333 | I39: 0.6875 | J39: 0.5 | K39: =IF(G39="AGENTE",'Semana 1'!$J39+0.042,IF(G39="REDES",'Semana 1'!$J39+0.042,IF(G39="AGENTE RM",'Semana 1'!$J39+0.042,IF(G39="AGENTE APERTURA",'Semana 1'!$J39+0.021,IF(G39="AGENTE CIERRE",'Semana 1'!$J39+0.021," - "))))) -> 13:00 | L39: 0.35416667 | M39: =IF(G39="AGENTE",'Semana 1'!$L39+0.014,IF(G39="REDES",'Semana 1'!$L39+0.014,IF(G39="AGENTE RM",'Semana 1'!$L39+0.014,IF(G39="AGENTE APERTURA",'Semana 1'!$L39+0.014,IF(G39="AGENTE CIERRE",'Semana 1'!$L39+0.014," - "))))) -> 8:50 | N39: 0.14583333 | O39: =IF(G39="AGENTE",'Semana 1'!$N39+0.007,IF(G39="REDES",'Semana 1'!$N39+0.007,IF(G39="AGENTE RM",'Semana 1'!$N39+0.007,IF(G39="AGENTE APERTURA",'Semana 1'!$N39+0.007,IF(G39="AGENTE CIERRE",'Semana 1'!$N39+0.007," - "))))) -> 3:40 | P39: =(IFERROR(I39-H39,0)*24)-1 -> 7.5 | Q39: 0.35416667 | R39: 0.66666667 | U39: 0.54166667 | V39: =IF(U39=0,"",U39+0.021) -> 13:30 | Y39: =(IFERROR(R39-Q39,0)*24) -> 7.5 | Z39: =$P39 -> 7.5 | AA39: =$P39 -> 7.5 | AB39: =$P39 -> 7.5 | AC39: =$P39 -> 7.5 | AD39: =P39+Z39+AA39+AB39+AC39+Y39 -> 45
B40: 35 | C40: Si | E40: =Personal!G40 -> Erick Gabriel Velasquez Marroquin | F40: Semana 1 | G40: =Personal!H40 -> AGENTE | H40: 0.375 | I40: =IF(H40=0," ",IF(Q40=0,(H40+0.417),(H40+0.3756))) -> 18:00 | J40: 0.54166667 | K40: =IF(G40="AGENTE",'Semana 1'!$J40+0.042,IF(G40="REDES",'Semana 1'!$J40+0.042,IF(G40="AGENTE RM",'Semana 1'!$J40+0.042,IF(G40="AGENTE APERTURA",'Semana 1'!$J40+0.021,IF(G40="AGENTE CIERRE",'Semana 1'!$J40+0.021," - "))))) -> 14:00 | L40: 0.29166667 | M40: =IF(G40="AGENTE",'Semana 1'!$L40+0.014,IF(G40="REDES",'Semana 1'!$L40+0.014,IF(G40="AGENTE RM",'Semana 1'!$L40+0.014,IF(G40="AGENTE APERTURA",'Semana 1'!$L40+0.014,IF(G40="AGENTE CIERRE",'Semana 1'!$L40+0.014," - "))))) -> 7:20 | N40: 0.67708333 | O40: =IF(G40="AGENTE",'Semana 1'!$N40+0.007,IF(G40="REDES",'Semana 1'!$N40+0.007,IF(G40="AGENTE RM",'Semana 1'!$N40+0.007,IF(G40="AGENTE APERTURA",'Semana 1'!$N40+0.007,IF(G40="AGENTE CIERRE",'Semana 1'!$N40+0.007," - "))))) -> 16:25 | P40: =(IFERROR(I40-H40,0)*24)-1 -> 8.0 | Q40: 0.375 | R40: =IF(Q40=0,"",Q40+0.209) -> 14:00 | T40: =IF(S40=0,"",S40+0.041) | U40: 0.5625 | V40: =IF(U40=0,"",U40+0.021) -> 14:00 | X40: =IF(W40=0,"",W40+0.01) | Y40: =(IFERROR(R40-Q40,0)*24) -> 5.0 | Z40: =$P40 -> 8.0 | AA40: =$P40 -> 8.0 | AB40: =$P40 -> 8.0 | AC40: =$P40 -> 8.0 | AD40: =P40+Z40+AA40+AB40+AC40+Y40 -> 45
B41: 36 | C41: Si | E41: =Personal!G41 -> Catherine Patricia Castillo Monzon | F41: Semana 1 | G41: =Personal!H41 -> AGENTE | H41: 0.33333333 | I41: =IF(H41=0," ",IF(Q41=0,(H41+0.417),(H41+0.3756))) -> 17:00 | J41: 0.54166667 | K41: =IF(G41="AGENTE",'Semana 1'!$J41+0.042,IF(G41="REDES",'Semana 1'!$J41+0.042,IF(G41="AGENTE RM",'Semana 1'!$J41+0.042,IF(G41="AGENTE APERTURA",'Semana 1'!$J41+0.021,IF(G41="AGENTE CIERRE",'Semana 1'!$J41+0.021," - "))))) -> 14:00 | L41: 0.39583333 | M41: =IF(G41="AGENTE",'Semana 1'!$L41+0.014,IF(G41="REDES",'Semana 1'!$L41+0.014,IF(G41="AGENTE RM",'Semana 1'!$L41+0.014,IF(G41="AGENTE APERTURA",'Semana 1'!$L41+0.014,IF(G41="AGENTE CIERRE",'Semana 1'!$L41+0.014," - "))))) -> 9:50 | N41: 0.69791667 | O41: =IF(G41="AGENTE",'Semana 1'!$N41+0.007,IF(G41="REDES",'Semana 1'!$N41+0.007,IF(G41="AGENTE RM",'Semana 1'!$N41+0.007,IF(G41="AGENTE APERTURA",'Semana 1'!$N41+0.007,IF(G41="AGENTE CIERRE",'Semana 1'!$N41+0.007," - "))))) -> 16:55 | P41: =(IFERROR(I41-H41,0)*24)-1 -> 8.0 | Q41: 0.33333333 | R41: =IF(Q41=0,"",Q41+0.209) -> 13:00 | U41: 0.4375 | V41: =IF(U41=0,"",U41+0.021) -> 11:00 | Y41: =(IFERROR(R41-Q41,0)*24) -> 5.0 | Z41: =$P41 -> 8.0 | AA41: =$P41 -> 8.0 | AB41: =$P41 -> 8.0 | AC41: =$P41 -> 8.0 | AD41: =P41+Z41+AA41+AB41+AC41+Y41 -> 45
B42: 37 | C42: Si | E42: =Personal!G42 -> Yandira Yaneth Balcarcel Perez | F42: Semana 1 | G42: =Personal!H42 -> CONTROL | I42: =IF(H42=0," ",IF(Q42=0,(H42+0.417),(H42+0.3756))) | K42: =IF(G42="AGENTE",'Semana 1'!$J42+0.042,IF(G42="REDES",'Semana 1'!$J42+0.042,IF(G42="AGENTE RM",'Semana 1'!$J42+0.042,IF(G42="AGENTE APERTURA",'Semana 1'!$J42+0.021,IF(G42="AGENTE CIERRE",'Semana 1'!$J42+0.021," - "))))) -> - | M42: =IF(G42="AGENTE",'Semana 1'!$L42+0.014,IF(G42="REDES",'Semana 1'!$L42+0.014,IF(G42="AGENTE RM",'Semana 1'!$L42+0.014,IF(G42="AGENTE APERTURA",'Semana 1'!$L42+0.014,IF(G42="AGENTE CIERRE",'Semana 1'!$L42+0.014," - "))))) -> - | O42: =IF(G42="AGENTE",'Semana 1'!$N42+0.007,IF(G42="REDES",'Semana 1'!$N42+0.007,IF(G42="AGENTE RM",'Semana 1'!$N42+0.007,IF(G42="AGENTE APERTURA",'Semana 1'!$N42+0.007,IF(G42="AGENTE CIERRE",'Semana 1'!$N42+0.007," - "))))) -> - | P42: =(IFERROR(I42-H42,0)*24)-1 -> -1.0 | R42: =IF(Q42=0,"",Q42+0.209) | V42: =IF(U42=0,"",U42+0.021) | Y42: =(IFERROR(R42-Q42,0)*24) -> 0.0 | Z42: =$P42 -> -1.0 | AA42: =$P42 -> -1.0 | AB42: =$P42 -> -1.0 | AC42: =$P42 -> -1.0 | AD42: =P42+Z42+AA42+AB42+AC42+Y42 -> -5
B43: 38 | C43: Si | E43: =Personal!G43 -> Laura Lucia Rabanales Oliva | F43: Semana 1 | G43: =Personal!H43 -> AGENTE RM | H43: 0.27083333 | I43: =IF(H43=0," ",IF(Q43=0,(H43+0.417),(H43+0.3756))) -> 15:30 | J43: 0.5 | K43: =IF(G43="AGENTE",'Semana 1'!$J43+0.042,IF(G43="REDES",'Semana 1'!$J43+0.042,IF(G43="AGENTE RM",'Semana 1'!$J43+0.042,IF(G43="AGENTE APERTURA",'Semana 1'!$J43+0.021,IF(G43="AGENTE CIERRE",'Semana 1'!$J43+0.021," - "))))) -> 13:00 | L43: 0.36111111 | M43: =IF(G43="AGENTE",'Semana 1'!$L43+0.014,IF(G43="REDES",'Semana 1'!$L43+0.014,IF(G43="AGENTE RM",'Semana 1'!$L43+0.014,IF(G43="AGENTE APERTURA",'Semana 1'!$L43+0.014,IF(G43="AGENTE CIERRE",'Semana 1'!$L43+0.014," - "))))) -> 9:00 | N43: 0.58333333 | O43: =IF(G43="AGENTE",'Semana 1'!$N43+0.007,IF(G43="REDES",'Semana 1'!$N43+0.007,IF(G43="AGENTE RM",'Semana 1'!$N43+0.007,IF(G43="AGENTE APERTURA",'Semana 1'!$N43+0.007,IF(G43="AGENTE CIERRE",'Semana 1'!$N43+0.007," - "))))) -> 14:10 | P43: =(IFERROR(I43-H43,0)*24)-1 -> 8.0 | Q43: 0.27083333 | R43: =IF(Q43=0,"",Q43+0.209) -> 11:30 | U43: 0.33333333 | V43: =IF(U43=0,"",U43+0.021) -> 8:30 | Y43: =(IFERROR(R43-Q43,0)*24) -> 5.0 | Z43: =$P43 -> 8.0 | AA43: =$P43 -> 8.0 | AB43: =$P43 -> 8.0 | AC43: =$P43 -> 8.0 | AD43: =P43+Z43+AA43+AB43+AC43+Y43 -> 45
B44: 41 | C44: Si | E44: =Personal!G44 -> Lilian Josefina Ramirez Estrada | F44: Semana 1 | G44: =Personal!H44 -> SUPERVISORA | I44: =IF(H44=0," ",IF(Q44=0,(H44+0.417),(H44+0.3756))) | K44: =IF(G44="AGENTE",'Semana 1'!$J44+0.042,IF(G44="REDES",'Semana 1'!$J44+0.042,IF(G44="AGENTE RM",'Semana 1'!$J44+0.042,IF(G44="AGENTE APERTURA",'Semana 1'!$J44+0.021,IF(G44="AGENTE CIERRE",'Semana 1'!$J44+0.021," - "))))) -> - | M44: =IF(G44="AGENTE",'Semana 1'!$L44+0.014,IF(G44="REDES",'Semana 1'!$L44+0.014,IF(G44="AGENTE RM",'Semana 1'!$L44+0.014,IF(G44="AGENTE APERTURA",'Semana 1'!$L44+0.014,IF(G44="AGENTE CIERRE",'Semana 1'!$L44+0.014," - "))))) -> - | O44: =IF(G44="AGENTE",'Semana 1'!$N44+0.007,IF(G44="REDES",'Semana 1'!$N44+0.007,IF(G44="AGENTE RM",'Semana 1'!$N44+0.007,IF(G44="AGENTE APERTURA",'Semana 1'!$N44+0.007,IF(G44="AGENTE CIERRE",'Semana 1'!$N44+0.007," - "))))) -> - | P44: =(IFERROR(I44-H44,0)*24)-1 -> -1.0 | R44: =IF(Q44=0,"",Q44+0.209) | V44: =IF(U44=0,"",U44+0.021) | Y44: =(IFERROR(R44-Q44,0)*24) -> 0.0 | Z44: =$P44 -> -1.0 | AA44: =$P44 -> -1.0 | AB44: =$P44 -> -1.0 | AC44: =$P44 -> -1.0 | AD44: =P44+Z44+AA44+AB44+AC44+Y44 -> -5
B45: 42 | C45: Si | E45: =Personal!G45 -> Wilson Saúl Gómez Mendoza | F45: Semana 1 | G45: =Personal!H45 -> CONTROL | I45: =IF(H45=0," ",IF(Q45=0,(H45+0.417),(H45+0.3756))) | K45: =IF(G45="AGENTE",'Semana 1'!$J45+0.042,IF(G45="REDES",'Semana 1'!$J45+0.042,IF(G45="AGENTE RM",'Semana 1'!$J45+0.042,IF(G45="AGENTE APERTURA",'Semana 1'!$J45+0.021,IF(G45="AGENTE CIERRE",'Semana 1'!$J45+0.021," - "))))) -> - | M45: =IF(G45="AGENTE",'Semana 1'!$L45+0.014,IF(G45="REDES",'Semana 1'!$L45+0.014,IF(G45="AGENTE RM",'Semana 1'!$L45+0.014,IF(G45="AGENTE APERTURA",'Semana 1'!$L45+0.014,IF(G45="AGENTE CIERRE",'Semana 1'!$L45+0.014," - "))))) -> - | O45: =IF(G45="AGENTE",'Semana 1'!$N45+0.007,IF(G45="REDES",'Semana 1'!$N45+0.007,IF(G45="AGENTE RM",'Semana 1'!$N45+0.007,IF(G45="AGENTE APERTURA",'Semana 1'!$N45+0.007,IF(G45="AGENTE CIERRE",'Semana 1'!$N45+0.007," - "))))) -> - | P45: =(IFERROR(I45-H45,0)*24)-1 -> -1.0 | R45: =IF(Q45=0,"",Q45+0.209) | V45: =IF(U45=0,"",U45+0.021) | Y45: =(IFERROR(R45-Q45,0)*24) -> 0.0 | Z45: =$P45 -> -1.0 | AA45: =$P45 -> -1.0 | AB45: =$P45 -> -1.0 | AC45: =$P45 -> -1.0 | AD45: =P45+Z45+AA45+AB45+AC45+Y45 -> -5
B46: 43 | C46: Si | E46: =Personal!G46 -> Carmen Yanira Brán Oliva | F46: Semana 1 | G46: =Personal!H46 -> CAPACITACION | I46: =IF(H46=0," ",IF(Q46=0,(H46+0.417),(H46+0.3756))) | K46: =IF(G46="AGENTE",'Semana 1'!$J46+0.042,IF(G46="REDES",'Semana 1'!$J46+0.042,IF(G46="AGENTE RM",'Semana 1'!$J46+0.042,IF(G46="AGENTE APERTURA",'Semana 1'!$J46+0.021,IF(G46="AGENTE CIERRE",'Semana 1'!$J46+0.021," - "))))) -> - | M46: =IF(G46="AGENTE",'Semana 1'!$L46+0.014,IF(G46="REDES",'Semana 1'!$L46+0.014,IF(G46="AGENTE RM",'Semana 1'!$L46+0.014,IF(G46="AGENTE APERTURA",'Semana 1'!$L46+0.014,IF(G46="AGENTE CIERRE",'Semana 1'!$L46+0.014," - "))))) -> - | O46: =IF(G46="AGENTE",'Semana 1'!$N46+0.007,IF(G46="REDES",'Semana 1'!$N46+0.007,IF(G46="AGENTE RM",'Semana 1'!$N46+0.007,IF(G46="AGENTE APERTURA",'Semana 1'!$N46+0.007,IF(G46="AGENTE CIERRE",'Semana 1'!$N46+0.007," - "))))) -> - | P46: =(IFERROR(I46-H46,0)*24)-1 -> -1.0 | R46: =IF(Q46=0,"",Q46+0.209) | Y46: =(IFERROR(R46-Q46,0)*24) -> 0.0 | Z46: =$P46 -> -1.0 | AA46: =$P46 -> -1.0 | AB46: =$P46 -> -1.0 | AC46: =$P46 -> -1.0 | AD46: =P46+Z46+AA46+AB46+AC46+Y46 -> -5
B47: 44 | C47: Si | E47: =Personal!G47 -> Katherine Nicole Colmenares Véliz | F47: Semana 1 | G47: =Personal!H47 -> CONTROL | I47: =IF(H47=0," ",IF(Q47=0,(H47+0.417),(H47+0.3756))) | K47: =IF(G47="AGENTE",'Semana 1'!$J47+0.042,IF(G47="REDES",'Semana 1'!$J47+0.042,IF(G47="AGENTE RM",'Semana 1'!$J47+0.042,IF(G47="AGENTE APERTURA",'Semana 1'!$J47+0.021,IF(G47="AGENTE CIERRE",'Semana 1'!$J47+0.021," - "))))) -> - | M47: =IF(G47="AGENTE",'Semana 1'!$L47+0.014,IF(G47="REDES",'Semana 1'!$L47+0.014,IF(G47="AGENTE RM",'Semana 1'!$L47+0.014,IF(G47="AGENTE APERTURA",'Semana 1'!$L47+0.014,IF(G47="AGENTE CIERRE",'Semana 1'!$L47+0.014," - "))))) -> - | O47: =IF(G47="AGENTE",'Semana 1'!$N47+0.007,IF(G47="REDES",'Semana 1'!$N47+0.007,IF(G47="AGENTE RM",'Semana 1'!$N47+0.007,IF(G47="AGENTE APERTURA",'Semana 1'!$N47+0.007,IF(G47="AGENTE CIERRE",'Semana 1'!$N47+0.007," - "))))) -> - | P47: =(IFERROR(I47-H47,0)*24)-1 -> -1.0 | R47: =IF(Q47=0,"",Q47+0.209) | Y47: =(IFERROR(R47-Q47,0)*24) -> 0.0 | Z47: =$P47 -> -1.0 | AA47: =$P47 -> -1.0 | AB47: =$P47 -> -1.0 | AC47: =$P47 -> -1.0 | AD47: =P47+Z47+AA47+AB47+AC47+Y47 -> -5
B48: 45 | C48: Si | E48: =Personal!G48 -> Laptop | F48: Semana 1 | G48: =Personal!H48 -> Lap | I48: =IF(H48=0," ",IF(Q48=0,(H48+0.417),(H48+0.3756))) | K48: =IF(G48="AGENTE",'Semana 1'!$J48+0.042,IF(G48="REDES",'Semana 1'!$J48+0.042,IF(G48="AGENTE RM",'Semana 1'!$J48+0.042,IF(G48="AGENTE APERTURA",'Semana 1'!$J48+0.021,IF(G48="AGENTE CIERRE",'Semana 1'!$J48+0.021," - "))))) -> - | M48: =IF(G48="AGENTE",'Semana 1'!$L48+0.014,IF(G48="REDES",'Semana 1'!$L48+0.014,IF(G48="AGENTE RM",'Semana 1'!$L48+0.014,IF(G48="AGENTE APERTURA",'Semana 1'!$L48+0.014,IF(G48="AGENTE CIERRE",'Semana 1'!$L48+0.014," - "))))) -> - | O48: =IF(G48="AGENTE",'Semana 1'!$N48+0.007,IF(G48="REDES",'Semana 1'!$N48+0.007,IF(G48="AGENTE RM",'Semana 1'!$N48+0.007,IF(G48="AGENTE APERTURA",'Semana 1'!$N48+0.007,IF(G48="AGENTE CIERRE",'Semana 1'!$N48+0.007," - "))))) -> - | P48: =(IFERROR(I48-H48,0)*24)-1 -> -1.0 | R48: =IF(Q48=0,"",Q48+0.209) | V48: =IF(U48=0,"",U48+0.021) | X48: =IF(W48=0,"",W48+0.021) | Y48: =(IFERROR(R48-Q48,0)*24) -> 0.0 | Z48: =$P48 -> -1.0 | AA48: =$P48 -> -1.0 | AB48: =$P48 -> -1.0 | AC48: =$P48 -> -1.0 | AD48: =P48+Z48+AA48+AB48+AC48+Y48 -> -5
B49: 46 | C49: Si | E49: =Personal!G49 -> Yissa Julavy Aquino Garcia | F49: Semana 1 | G49: =Personal!H49 -> AGENTE | H49: 0.33333333 | I49: =IF(H49=0," ",IF(Q49=0,(H49+0.417),(H49+0.3756))) -> 17:00 | J49: 0.5 | K49: =IF(G49="AGENTE",'Semana 1'!$J49+0.042,IF(G49="REDES",'Semana 1'!$J49+0.042,IF(G49="AGENTE RM",'Semana 1'!$J49+0.042,IF(G49="AGENTE APERTURA",'Semana 1'!$J49+0.021,IF(G49="AGENTE CIERRE",'Semana 1'!$J49+0.021," - "))))) -> 13:00 | L49: 0.35416667 | M49: =IF(G49="AGENTE",'Semana 1'!$L49+0.014,IF(G49="REDES",'Semana 1'!$L49+0.014,IF(G49="AGENTE RM",'Semana 1'!$L49+0.014,IF(G49="AGENTE APERTURA",'Semana 1'!$L49+0.014,IF(G49="AGENTE CIERRE",'Semana 1'!$L49+0.014," - "))))) -> 8:50 | N49: 0.61805556 | O49: =IF(G49="AGENTE",'Semana 1'!$N49+0.007,IF(G49="REDES",'Semana 1'!$N49+0.007,IF(G49="AGENTE RM",'Semana 1'!$N49+0.007,IF(G49="AGENTE APERTURA",'Semana 1'!$N49+0.007,IF(G49="AGENTE CIERRE",'Semana 1'!$N49+0.007," - "))))) -> 15:00 | P49: =(IFERROR(I49-H49,0)*24)-1 -> 8.0 | Q49: 0.33333333 | R49: =IF(Q49=0,"",Q49+0.209) -> 13:00 | U49: 0.45833333 | V49: =IF(U49=0,"",U49+0.021) -> 11:30 | X49: =IF(W49=0,"",W49+0.021) | Y49: =(IFERROR(R49-Q49,0)*24) -> 5.0 | Z49: =$P49 -> 8.0 | AA49: =$P49 -> 8.0 | AB49: =$P49 -> 8.0 | AC49: =$P49 -> 8.0 | AD49: =P49+Z49+AA49+AB49+AC49+Y49 -> 45
B50: 45 | C50: No | E50: =Personal!G50 -> - | F50: Semana 1 | G50: =Personal!H50 -> - | I50: =IF(H50=0," ",IF(Q50=0,(H50+0.417),(H50+0.3756))) | K50: =IF(G50="AGENTE",'Semana 1'!$J50+0.042,IF(G50="REDES",'Semana 1'!$J50+0.042,IF(G50="AGENTE RM",'Semana 1'!$J50+0.042,IF(G50="AGENTE APERTURA",'Semana 1'!$J50+0.021,IF(G50="AGENTE CIERRE",'Semana 1'!$J50+0.021," - "))))) -> - | M50: =IF(G50="AGENTE",'Semana 1'!$L50+0.014,IF(G50="REDES",'Semana 1'!$L50+0.014,IF(G50="AGENTE RM",'Semana 1'!$L50+0.014,IF(G50="AGENTE APERTURA",'Semana 1'!$L50+0.014,IF(G50="AGENTE CIERRE",'Semana 1'!$L50+0.014," - "))))) -> - | O50: =IF(G50="AGENTE",'Semana 1'!$N50+0.007,IF(G50="REDES",'Semana 1'!$N50+0.007,IF(G50="AGENTE RM",'Semana 1'!$N50+0.007,IF(G50="AGENTE APERTURA",'Semana 1'!$N50+0.007,IF(G50="AGENTE CIERRE",'Semana 1'!$N50+0.007," - "))))) -> - | P50: =(IFERROR(I50-H50,0)*24)-1 -> -1.0 | R50: =IF(Q50=0,"",Q50+0.209) | V50: =IF(U50=0,"",U50+0.021) | Y50: =(IFERROR(R50-Q50,0)*24) -> 0.0 | Z50: =$P50 -> -1.0 | AA50: =$P50 -> -1.0 | AB50: =$P50 -> -1.0 | AC50: =$P50 -> -1.0 | AD50: =P50+Z50+AA50+AB50+AC50+Y50 -> -5
B51: 46 | C51: No | E51: =Personal!G51 -> - | F51: Semana 1 | G51: =Personal!H51 -> - | I51: =IF(H51=0," ",IF(Q51=0,(H51+0.417),(H51+0.3756))) | K51: =IF(G51="AGENTE",'Semana 1'!$J51+0.042,IF(G51="REDES",'Semana 1'!$J51+0.042,IF(G51="AGENTE RM",'Semana 1'!$J51+0.042,IF(G51="AGENTE APERTURA",'Semana 1'!$J51+0.021,IF(G51="AGENTE CIERRE",'Semana 1'!$J51+0.021," - "))))) -> - | M51: =IF(G51="AGENTE",'Semana 1'!$L51+0.014,IF(G51="REDES",'Semana 1'!$L51+0.014,IF(G51="AGENTE RM",'Semana 1'!$L51+0.014,IF(G51="AGENTE APERTURA",'Semana 1'!$L51+0.014,IF(G51="AGENTE CIERRE",'Semana 1'!$L51+0.014," - "))))) -> - | O51: =IF(G51="AGENTE",'Semana 1'!$N51+0.007,IF(G51="REDES",'Semana 1'!$N51+0.007,IF(G51="AGENTE RM",'Semana 1'!$N51+0.007,IF(G51="AGENTE APERTURA",'Semana 1'!$N51+0.007,IF(G51="AGENTE CIERRE",'Semana 1'!$N51+0.007," - "))))) -> - | P51: =(IFERROR(I51-H51,0)*24)-1 -> -1.0 | R51: =IF(Q51=0,"",Q51+0.209) | V51: =IF(U51=0,"",U51+0.021) | Y51: =(IFERROR(R51-Q51,0)*24) -> 0.0 | Z51: =$P51 -> -1.0 | AA51: =$P51 -> -1.0 | AB51: =$P51 -> -1.0 | AC51: =$P51 -> -1.0 | AD51: =P51+Z51+AA51+AB51+AC51+Y51 -> -5
B52: 50 | C52: Si | E52: =Personal!G52 -> Karla Isabel Herandez Rivas | F52: Semana 1 | G52: =Personal!H52 -> SOPORTE | I52: =IF(H52=0," ",IF(Q52=0,(H52+0.417),(H52+0.3756))) | K52: =IF(G52="AGENTE",'Semana 1'!$J52+0.042,IF(G52="REDES",'Semana 1'!$J52+0.042,IF(G52="AGENTE RM",'Semana 1'!$J52+0.042,IF(G52="AGENTE APERTURA",'Semana 1'!$J52+0.021,IF(G52="AGENTE CIERRE",'Semana 1'!$J52+0.021," - "))))) -> - | M52: =IF(G52="AGENTE",'Semana 1'!$L52+0.014,IF(G52="REDES",'Semana 1'!$L52+0.014,IF(G52="AGENTE RM",'Semana 1'!$L52+0.014,IF(G52="AGENTE APERTURA",'Semana 1'!$L52+0.014,IF(G52="AGENTE CIERRE",'Semana 1'!$L52+0.014," - "))))) -> - | O52: =IF(G52="AGENTE",'Semana 1'!$N52+0.007,IF(G52="REDES",'Semana 1'!$N52+0.007,IF(G52="AGENTE RM",'Semana 1'!$N52+0.007,IF(G52="AGENTE APERTURA",'Semana 1'!$N52+0.007,IF(G52="AGENTE CIERRE",'Semana 1'!$N52+0.007," - "))))) -> - | P52: =(IFERROR(I52-H52,0)*24)-1 -> -1.0 | R52: =IF(Q52=0,"",Q52+0.209) | V52: =IF(U52=0,"",U52+0.021) | Y52: =(IFERROR(R52-Q52,0)*24) -> 0.0 | Z52: =$P52 -> -1.0 | AA52: =$P52 -> -1.0 | AB52: =$P52 -> -1.0 | AC52: =$P52 -> -1.0 | AD52: =P52+Z52+AA52+AB52+AC52+Y52 -> -5
B53: 51 | C53: Si | E53: =Personal!G53 -> Anthony Stiven Yocute Aragon | F53: Semana 1 | G53: =Personal!H53 -> AGENTE | H53: 0.27083333 | I53: =IF(H53=0," ",IF(Q53=0,(H53+0.417),(H53+0.3756))) -> 15:30 | J53: 0.54166667 | K53: =IF(G53="AGENTE",'Semana 1'!$J53+0.042,IF(G53="REDES",'Semana 1'!$J53+0.042,IF(G53="AGENTE RM",'Semana 1'!$J53+0.042,IF(G53="AGENTE APERTURA",'Semana 1'!$J53+0.021,IF(G53="AGENTE CIERRE",'Semana 1'!$J53+0.021," - "))))) -> 14:00 | L53: 0.39583333 | M53: =IF(G53="AGENTE",'Semana 1'!$L53+0.014,IF(G53="REDES",'Semana 1'!$L53+0.014,IF(G53="AGENTE RM",'Semana 1'!$L53+0.014,IF(G53="AGENTE APERTURA",'Semana 1'!$L53+0.014,IF(G53="AGENTE CIERRE",'Semana 1'!$L53+0.014," - "))))) -> 9:50 | N53: 0.60416667 | O53: =IF(G53="AGENTE",'Semana 1'!$N53+0.007,IF(G53="REDES",'Semana 1'!$N53+0.007,IF(G53="AGENTE RM",'Semana 1'!$N53+0.007,IF(G53="AGENTE APERTURA",'Semana 1'!$N53+0.007,IF(G53="AGENTE CIERRE",'Semana 1'!$N53+0.007," - "))))) -> 14:40 | P53: =(IFERROR(I53-H53,0)*24)-1 -> 8.0 | Q53: 0.29166667 | R53: =IF(Q53=0,"",Q53+0.209) -> 12:00 | U53: 0.375 | V53: =IF(U53=0,"",U53+0.021) -> 9:30 | Y53: =(IFERROR(R53-Q53,0)*24) -> 5.0 | Z53: =$P53 -> 8.0 | AA53: =$P53 -> 8.0 | AB53: =$P53 -> 8.0 | AC53: =$P53 -> 8.0 | AD53: =P53+Z53+AA53+AB53+AC53+Y53 -> 45
B54: 52 | C54: Si | E54: =Personal!G54 -> Daylin Paulette Quiroa Quiroa | F54: Semana 1 | G54: =Personal!H54 -> AGENTE CIERRE | H54: 0.70833333 | I54: 1 | J54: 0.83333333 | K54: =IF(G54="AGENTE",'Semana 1'!$J54+0.042,IF(G54="REDES",'Semana 1'!$J54+0.042,IF(G54="AGENTE RM",'Semana 1'!$J54+0.042,IF(G54="AGENTE APERTURA",'Semana 1'!$J54+0.021,IF(G54="AGENTE CIERRE",'Semana 1'!$J54+0.021," - "))))) -> 20:30 | L54: 0.85416667 | M54: =IF(G54="AGENTE",'Semana 1'!$L54+0.014,IF(G54="REDES",'Semana 1'!$L54+0.014,IF(G54="AGENTE RM",'Semana 1'!$L54+0.014,IF(G54="AGENTE APERTURA",'Semana 1'!$L54+0.014,IF(G54="AGENTE CIERRE",'Semana 1'!$L54+0.014," - "))))) -> 20:50 | N54: 0.86805556 | O54: =IF(G54="AGENTE",'Semana 1'!$N54+0.007,IF(G54="REDES",'Semana 1'!$N54+0.007,IF(G54="AGENTE RM",'Semana 1'!$N54+0.007,IF(G54="AGENTE APERTURA",'Semana 1'!$N54+0.007,IF(G54="AGENTE CIERRE",'Semana 1'!$N54+0.007," - "))))) -> 21:00 | P54: =(IFERROR(I54-H54,0)*24)-1 -> 6.0 | Q54: 0.70833333 | R54: 1 | S54: 0.83333333 | T54: 0.85433333 | U54: 0.85416667 | V54: 0.86816667 | W54: 0.86805556 | X54: 0.87505556 | Y54: =(IFERROR(R54-Q54,0)*24)-1 -> 6.0 | Z54: =$P54 -> 6.0 | AA54: =$P54 -> 6.0 | AB54: =$P54 -> 6.0 | AC54: =$P54 -> 6.0 | AD54: =P54+Z54+AA54+AB54+AC54+Y54 -> 36
B55: 53 | C55: Si | E55: =Personal!G55 -> - | F55: Semana 1 | G55: - | I55: =IF(H55=0," ",IF(Q55=0,(H55+0.417),(H55+0.3756))) | K55: =IF(G55="AGENTE",'Semana 1'!$J55+0.042,IF(G55="REDES",'Semana 1'!$J55+0.042,IF(G55="AGENTE RM",'Semana 1'!$J55+0.042,IF(G55="AGENTE APERTURA",'Semana 1'!$J55+0.021,IF(G55="AGENTE CIERRE",'Semana 1'!$J55+0.021," - "))))) -> - | M55: =IF(G55="AGENTE",'Semana 1'!$L55+0.014,IF(G55="REDES",'Semana 1'!$L55+0.014,IF(G55="AGENTE RM",'Semana 1'!$L55+0.014,IF(G55="AGENTE APERTURA",'Semana 1'!$L55+0.014,IF(G55="AGENTE CIERRE",'Semana 1'!$L55+0.014," - "))))) -> - | O55: =IF(G55="AGENTE",'Semana 1'!$N55+0.007,IF(G55="REDES",'Semana 1'!$N55+0.007,IF(G55="AGENTE RM",'Semana 1'!$N55+0.007,IF(G55="AGENTE APERTURA",'Semana 1'!$N55+0.007,IF(G55="AGENTE CIERRE",'Semana 1'!$N55+0.007," - "))))) -> - | P55: =(IFERROR(I55-H55,0)*24)-1 -> -1.0 | R55: =IF(Q55=0,"",Q55+0.209) | T55: =IF(G55="AGENTE",'Semana 1'!$S55+0.042,IF(G55="REDES",'Semana 1'!$S55+0.042,IF(G55="AGENTE RM",'Semana 1'!$S55+0.042,IF(G55="AGENTE APERTURA",'Semana 1'!$S55+0.021,IF(G55="AGENTE CIERRE",'Semana 1'!$S55+0.021," - "))))) -> - | V55: =IF(U55=0,"",U55+0.021) | Y55: =(IFERROR(R55-Q55,0)*24) -> 0.0 | Z55: =$P55 -> -1.0 | AA55: =$P55 -> -1.0 | AB55: =$P55 -> -1.0 | AC55: =$P55 -> -1.0 | AD55: =P55+Z55+AA55+AB55+AC55+Y55 -> -5
B56: 54 | C56: Si | E56: =Personal!G56 -> Nora Azucena Sanchez Rodriguez | F56: Semana 1 | G56: =Personal!H56 -> AGENTE | H56: 0.29166667 | I56: =IF(H56=0," ",IF(Q56=0,(H56+0.417),(H56+0.3756))) -> 16:00 | J56: 0.52083333 | K56: =IF(G56="AGENTE",'Semana 1'!$J56+0.042,IF(G56="REDES",'Semana 1'!$J56+0.042,IF(G56="AGENTE RM",'Semana 1'!$J56+0.042,IF(G56="AGENTE APERTURA",'Semana 1'!$J56+0.021,IF(G56="AGENTE CIERRE",'Semana 1'!$J56+0.021," - "))))) -> 13:30 | L56: 0.35416667 | M56: =IF(G56="AGENTE",'Semana 1'!$L56+0.014,IF(G56="REDES",'Semana 1'!$L56+0.014,IF(G56="AGENTE RM",'Semana 1'!$L56+0.014,IF(G56="AGENTE APERTURA",'Semana 1'!$L56+0.014,IF(G56="AGENTE CIERRE",'Semana 1'!$L56+0.014," - "))))) -> 8:50 | N56: 0.65625 | O56: =IF(G56="AGENTE",'Semana 1'!$N56+0.007,IF(G56="REDES",'Semana 1'!$N56+0.007,IF(G56="AGENTE RM",'Semana 1'!$N56+0.007,IF(G56="AGENTE APERTURA",'Semana 1'!$N56+0.007,IF(G56="AGENTE CIERRE",'Semana 1'!$N56+0.007," - "))))) -> 15:55 | P56: =(IFERROR(I56-H56,0)*24)-1 -> 8.0 | Q56: 0.41666667 | R56: =IF(Q56=0,"",Q56+0.209) -> 15:00 | U56: 0.5625 | V56: =IF(U56=0,"",U56+0.021) -> 14:00 | Y56: =(IFERROR(R56-Q56,0)*24) -> 5.0 | Z56: =$P56 -> 8.0 | AA56: =$P56 -> 8.0 | AB56: =$P56 -> 8.0 | AC56: =$P56 -> 8.0 | AD56: =P56+Z56+AA56+AB56+AC56+Y56 -> 45
B57: 55 | C57: Si | E57: =Personal!G57 -> Dorian Estefany Sit Santos | F57: Semana 1 | G57: =Personal!H57 -> AGENTE RM | H57: 0.35416667 | I57: =IF(H57=0," ",IF(Q57=0,(H57+0.417),(H57+0.3756))) -> 17:30 | J57: 0.58333333 | K57: =IF(G57="AGENTE",'Semana 1'!$J57+0.042,IF(G57="REDES",'Semana 1'!$J57+0.042,IF(G57="AGENTE RM",'Semana 1'!$J57+0.042,IF(G57="AGENTE APERTURA",'Semana 1'!$J57+0.021,IF(G57="AGENTE CIERRE",'Semana 1'!$J57+0.021," - "))))) -> 15:00 | L57: 0.40277778 | M57: =IF(G57="AGENTE",'Semana 1'!$L57+0.014,IF(G57="REDES",'Semana 1'!$L57+0.014,IF(G57="AGENTE RM",'Semana 1'!$L57+0.014,IF(G57="AGENTE APERTURA",'Semana 1'!$L57+0.014,IF(G57="AGENTE CIERRE",'Semana 1'!$L57+0.014," - "))))) -> 10:00 | N57: 0.64583333 | O57: =IF(G57="AGENTE",'Semana 1'!$N57+0.007,IF(G57="REDES",'Semana 1'!$N57+0.007,IF(G57="AGENTE RM",'Semana 1'!$N57+0.007,IF(G57="AGENTE APERTURA",'Semana 1'!$N57+0.007,IF(G57="AGENTE CIERRE",'Semana 1'!$N57+0.007," - "))))) -> 15:40 | P57: =(IFERROR(I57-H57,0)*24)-1 -> 8.0 | Q57: 0.33333333 | R57: =IF(Q57=0,"",Q57+0.209) -> 13:00 | U57: 0.375 | V57: =IF(U57=0,"",U57+0.021) -> 9:30 | Y57: =(IFERROR(R57-Q57,0)*24) -> 5.0 | Z57: =$P57 -> 8.0 | AA57: =$P57 -> 8.0 | AB57: =$P57 -> 8.0 | AC57: =$P57 -> 8.0 | AD57: =P57+Z57+AA57+AB57+AC57+Y57 -> 45
B58: 56 | C58: Si | E58: =Personal!G58 -> Benjamin Max Israel Boc Vicente | F58: Semana 1 | G58: =Personal!H58 -> AGENTE | H58: 0.33333333 | I58: =IF(H58=0," ",IF(Q58=0,(H58+0.417),(H58+0.3756))) -> 17:00 | J58: 0.625 | K58: =IF(G58="AGENTE",'Semana 1'!$J58+0.042,IF(G58="REDES",'Semana 1'!$J58+0.042,IF(G58="AGENTE RM",'Semana 1'!$J58+0.042,IF(G58="AGENTE APERTURA",'Semana 1'!$J58+0.021,IF(G58="AGENTE CIERRE",'Semana 1'!$J58+0.021," - "))))) -> 16:00 | L58: 0.41666667 | M58: =IF(G58="AGENTE",'Semana 1'!$L58+0.014,IF(G58="REDES",'Semana 1'!$L58+0.014,IF(G58="AGENTE RM",'Semana 1'!$L58+0.014,IF(G58="AGENTE APERTURA",'Semana 1'!$L58+0.014,IF(G58="AGENTE CIERRE",'Semana 1'!$L58+0.014," - "))))) -> 10:20 | N58: 0.1875 | O58: =IF(G58="AGENTE",'Semana 1'!$N58+0.007,IF(G58="REDES",'Semana 1'!$N58+0.007,IF(G58="AGENTE RM",'Semana 1'!$N58+0.007,IF(G58="AGENTE APERTURA",'Semana 1'!$N58+0.007,IF(G58="AGENTE CIERRE",'Semana 1'!$N58+0.007," - "))))) -> 4:40 | P58: =(IFERROR(I58-H58,0)*24)-1 -> 8.0 | Q58: 0.33333333 | R58: =IF(Q58=0,"",Q58+0.209) -> 13:00 | U58: 0.35416667 | V58: =IF(U58=0,"",U58+0.021) -> 9:00 | Y58: =(IFERROR(R58-Q58,0)*24) -> 5.0 | Z58: =$P58 -> 8.0 | AA58: =$P58 -> 8.0 | AB58: =$P58 -> 8.0 | AC58: =$P58 -> 8.0 | AD58: =P58+Z58+AA58+AB58+AC58+Y58 -> 45
B59: 57 | C59: Si | E59: =Personal!G59 -> Ventura Glenda Paola Echeveria Perez | G59: =Personal!H59 -> AGENTE RM | H59: 0.33333333 | I59: =IF(H59=0," ",IF(Q59=0,(H59+0.417),(H59+0.3756))) -> 17:00 | J59: 0.54166667 | K59: =IF(G59="AGENTE",'Semana 1'!$J59+0.042,IF(G59="REDES",'Semana 1'!$J59+0.042,IF(G59="AGENTE RM",'Semana 1'!$J59+0.042,IF(G59="AGENTE APERTURA",'Semana 1'!$J59+0.021,IF(G59="AGENTE CIERRE",'Semana 1'!$J59+0.021," - "))))) -> 14:00 | L59: 0.38541667 | M59: =IF(G59="AGENTE",'Semana 1'!$L59+0.014,IF(G59="REDES",'Semana 1'!$L59+0.014,IF(G59="AGENTE RM",'Semana 1'!$L59+0.014,IF(G59="AGENTE APERTURA",'Semana 1'!$L59+0.014,IF(G59="AGENTE CIERRE",'Semana 1'!$L59+0.014," - "))))) -> 9:35 | N59: 0.63541667 | O59: =IF(G59="AGENTE",'Semana 1'!$N59+0.007,IF(G59="REDES",'Semana 1'!$N59+0.007,IF(G59="AGENTE RM",'Semana 1'!$N59+0.007,IF(G59="AGENTE APERTURA",'Semana 1'!$N59+0.007,IF(G59="AGENTE CIERRE",'Semana 1'!$N59+0.007," - "))))) -> 15:25 | P59: =(IFERROR(I59-H59,0)*24)-1 -> 8.0 | Q59: 0.33333333 | R59: =IF(Q59=0,"",Q59+0.209) -> 13:00 | U59: 0.39583333 | V59: =IF(U59=0,"",U59+0.021) -> 10:00 | Y59: =(IFERROR(R59-Q59,0)*24) -> 5.0 | Z59: =$P59 -> 8.0 | AA59: =$P59 -> 8.0 | AB59: =$P59 -> 8.0 | AC59: =$P59 -> 8.0 | AD59: =P59+Z59+AA59+AB59+AC59+Y59 -> 45
B60: 58 | C60: Si | E60: =Personal!G60 -> Oscar Rene Ovalle Letran | G60: =Personal!H60 -> SOPORTE | I60: =IF(H60=0," ",IF(Q60=0,(H60+0.417),(H60+0.3756))) | K60: =IF(G60="AGENTE",'Semana 1'!$J60+0.042,IF(G60="REDES",'Semana 1'!$J60+0.042,IF(G60="AGENTE RM",'Semana 1'!$J60+0.042,IF(G60="AGENTE APERTURA",'Semana 1'!$J60+0.021,IF(G60="AGENTE CIERRE",'Semana 1'!$J60+0.021," - "))))) -> - | M60: =IF(G60="AGENTE",'Semana 1'!$L60+0.014,IF(G60="REDES",'Semana 1'!$L60+0.014,IF(G60="AGENTE RM",'Semana 1'!$L60+0.014,IF(G60="AGENTE APERTURA",'Semana 1'!$L60+0.014,IF(G60="AGENTE CIERRE",'Semana 1'!$L60+0.014," - "))))) -> - | O60: =IF(G60="AGENTE",'Semana 1'!$N60+0.007,IF(G60="REDES",'Semana 1'!$N60+0.007,IF(G60="AGENTE RM",'Semana 1'!$N60+0.007,IF(G60="AGENTE APERTURA",'Semana 1'!$N60+0.007,IF(G60="AGENTE CIERRE",'Semana 1'!$N60+0.007," - "))))) -> - | P60: =(IFERROR(I60-H60,0)*24)-1 -> -1.0 | R60: =IF(Q60=0,"",Q60+0.209) | T60: =IF(G60="AGENTE",'Semana 1'!$S60+0.042,IF(G60="REDES",'Semana 1'!$S60+0.042,IF(G60="AGENTE RM",'Semana 1'!$S60+0.042,IF(G60="AGENTE APERTURA",'Semana 1'!$S60+0.021,IF(G60="AGENTE CIERRE",'Semana 1'!$S60+0.021," - "))))) -> - | V60: =IF(U60=0,"",U60+0.021) | Y60: =(IFERROR(R60-Q60,0)*24) -> 0.0 | Z60: =$P60 -> -1.0 | AA60: =$P60 -> -1.0 | AB60: =$P60 -> -1.0 | AC60: =$P60 -> -1.0 | AD60: =P60+Z60+AA60+AB60+AC60+Y60 -> -5
B61: 59 | C61: Si | E61: =Personal!G61 -> Mariela Edith Torres Figueroa | G61: =Personal!H61 -> AGENTE | H61: 0.33333333 | I61: =IF(H61=0," ",IF(Q61=0,(H61+0.417),(H61+0.3756))) -> 17:00 | J61: 0.5 | K61: =IF(G61="AGENTE",'Semana 1'!$J61+0.042,IF(G61="REDES",'Semana 1'!$J61+0.042,IF(G61="AGENTE RM",'Semana 1'!$J61+0.042,IF(G61="AGENTE APERTURA",'Semana 1'!$J61+0.021,IF(G61="AGENTE CIERRE",'Semana 1'!$J61+0.021," - "))))) -> 13:00 | L61: 0.38541667 | M61: =IF(G61="AGENTE",'Semana 1'!$L61+0.014,IF(G61="REDES",'Semana 1'!$L61+0.014,IF(G61="AGENTE RM",'Semana 1'!$L61+0.014,IF(G61="AGENTE APERTURA",'Semana 1'!$L61+0.014,IF(G61="AGENTE CIERRE",'Semana 1'!$L61+0.014," - "))))) -> 9:35 | N61: 0.71875 | O61: =IF(G61="AGENTE",'Semana 1'!$N61+0.007,IF(G61="REDES",'Semana 1'!$N61+0.007,IF(G61="AGENTE RM",'Semana 1'!$N61+0.007,IF(G61="AGENTE APERTURA",'Semana 1'!$N61+0.007,IF(G61="AGENTE CIERRE",'Semana 1'!$N61+0.007," - "))))) -> 17:25 | P61: =(IFERROR(I61-H61,0)*24)-1 -> 8.0 | Q61: 0.41666667 | R61: =IF(Q61=0,"",Q61+0.209) -> 15:00 | U61: 0.5 | V61: =IF(U61=0,"",U61+0.021) -> 12:30 | Y61: =(IFERROR(R61-Q61,0)*24) -> 5.0 | Z61: =$P61 -> 8.0 | AA61: =$P61 -> 8.0 | AB61: =$P61 -> 8.0 | AC61: =$P61 -> 8.0 | AD61: =P61+Z61+AA61+AB61+AC61+Y61 -> 45
B62: 60 | C62: Si | E62: =Personal!G62 -> Marlyn Argentina Aguilar Lemus | G62: =Personal!H62 -> AGENTE | H62: 0.27083333 | I62: =IF(H62=0," ",IF(Q62=0,(H62+0.417),(H62+0.3756))) -> 15:30 | J62: 0.5 | K62: =IF(G62="AGENTE",'Semana 1'!$J62+0.042,IF(G62="REDES",'Semana 1'!$J62+0.042,IF(G62="AGENTE RM",'Semana 1'!$J62+0.042,IF(G62="AGENTE APERTURA",'Semana 1'!$J62+0.021,IF(G62="AGENTE CIERRE",'Semana 1'!$J62+0.021," - "))))) -> 13:00 | L62: 0.35416667 | M62: =IF(G62="AGENTE",'Semana 1'!$L62+0.014,IF(G62="REDES",'Semana 1'!$L62+0.014,IF(G62="AGENTE RM",'Semana 1'!$L62+0.014,IF(G62="AGENTE APERTURA",'Semana 1'!$L62+0.014,IF(G62="AGENTE CIERRE",'Semana 1'!$L62+0.014," - "))))) -> 8:50 | N62: 0.65625 | O62: =IF(G62="AGENTE",'Semana 1'!$N62+0.007,IF(G62="REDES",'Semana 1'!$N62+0.007,IF(G62="AGENTE RM",'Semana 1'!$N62+0.007,IF(G62="AGENTE APERTURA",'Semana 1'!$N62+0.007,IF(G62="AGENTE CIERRE",'Semana 1'!$N62+0.007," - "))))) -> 15:55 | P62: =(IFERROR(I62-H62,0)*24)-1 -> 8.0 | Q62: 0.41666667 | R62: =IF(Q62=0,"",Q62+0.209) -> 15:00 | U62: 0.58333333 | V62: =IF(U62=0,"",U62+0.021) -> 14:30 | Y62: =(IFERROR(R62-Q62,0)*24) -> 5.0 | Z62: =$P62 -> 8.0 | AA62: =$P62 -> 8.0 | AB62: =$P62 -> 8.0 | AC62: =$P62 -> 8.0 | AD62: =P62+Z62+AA62+AB62+AC62+Y62 -> 45
B63: 61 | C63: Si | E63: =Personal!G63 -> Ilse Beatriz Perez Roque | G63: =Personal!H63 -> AGENTE | H63: 0.33333333 | I63: =IF(H63=0," ",IF(Q63=0,(H63+0.417),(H63+0.3756))) -> 17:00 | J63: 0.58333333 | K63: =IF(G63="AGENTE",'Semana 1'!$J63+0.042,IF(G63="REDES",'Semana 1'!$J63+0.042,IF(G63="AGENTE RM",'Semana 1'!$J63+0.042,IF(G63="AGENTE APERTURA",'Semana 1'!$J63+0.021,IF(G63="AGENTE CIERRE",'Semana 1'!$J63+0.021," - "))))) -> 15:00 | L63: 0.41666667 | M63: =IF(G63="AGENTE",'Semana 1'!$L63+0.014,IF(G63="REDES",'Semana 1'!$L63+0.014,IF(G63="AGENTE RM",'Semana 1'!$L63+0.014,IF(G63="AGENTE APERTURA",'Semana 1'!$L63+0.014,IF(G63="AGENTE CIERRE",'Semana 1'!$L63+0.014," - "))))) -> 10:20 | N63: 0.6875 | O63: =IF(G63="AGENTE",'Semana 1'!$N63+0.007,IF(G63="REDES",'Semana 1'!$N63+0.007,IF(G63="AGENTE RM",'Semana 1'!$N63+0.007,IF(G63="AGENTE APERTURA",'Semana 1'!$N63+0.007,IF(G63="AGENTE CIERRE",'Semana 1'!$N63+0.007," - "))))) -> 16:40 | P63: =(IFERROR(I63-H63,0)*24)-1 -> 8.0 | Q63: 0.39583333 | R63: =IF(Q63=0,"",Q63+0.209) -> 14:30 | U63: 0.54166667 | V63: =IF(U63=0,"",U63+0.021) -> 13:30 | Y63: =(IFERROR(R63-Q63,0)*24) -> 5.0 | Z63: =$P63 -> 8.0 | AA63: =$P63 -> 8.0 | AB63: =$P63 -> 8.0 | AC63: =$P63 -> 8.0 | AD63: =P63+Z63+AA63+AB63+AC63+Y63 -> 45
B64: 62 | C64: No | E64: =Personal!G64 -> - | G64: =Personal!H64 -> - | I64: =IF(H64=0," ",IF(Q64=0,(H64+0.417),(H64+0.3756))) | K64: =IF(G64="AGENTE",'Semana 1'!$J64+0.042,IF(G64="REDES",'Semana 1'!$J64+0.042,IF(G64="AGENTE RM",'Semana 1'!$J64+0.042,IF(G64="AGENTE APERTURA",'Semana 1'!$J64+0.021,IF(G64="AGENTE CIERRE",'Semana 1'!$J64+0.021," - "))))) -> - | M64: =IF(G64="AGENTE",'Semana 1'!$L64+0.014,IF(G64="REDES",'Semana 1'!$L64+0.014,IF(G64="AGENTE RM",'Semana 1'!$L64+0.014,IF(G64="AGENTE APERTURA",'Semana 1'!$L64+0.014,IF(G64="AGENTE CIERRE",'Semana 1'!$L64+0.014," - "))))) -> - | O64: =IF(G64="AGENTE",'Semana 1'!$N64+0.007,IF(G64="REDES",'Semana 1'!$N64+0.007,IF(G64="AGENTE RM",'Semana 1'!$N64+0.007,IF(G64="AGENTE APERTURA",'Semana 1'!$N64+0.007,IF(G64="AGENTE CIERRE",'Semana 1'!$N64+0.007," - "))))) -> - | P64: =(IFERROR(I64-H64,0)*24)-1 -> -1.0 | T64: =IF(G64="AGENTE",'Semana 1'!$S64+0.042,IF(G64="REDES",'Semana 1'!$S64+0.042,IF(G64="AGENTE RM",'Semana 1'!$S64+0.042,IF(G64="AGENTE APERTURA",'Semana 1'!$S64+0.021,IF(G64="AGENTE CIERRE",'Semana 1'!$S64+0.021," - "))))) -> - | V64: =IF(U64=0,"",U64+0.021) | Y64: =(IFERROR(R64-Q64,0)*24) -> 0.0 | Z64: =$P64 -> -1.0 | AA64: =$P64 -> -1.0 | AB64: =$P64 -> -1.0 | AC64: =$P64 -> -1.0 | AD64: =P64+Z64+AA64+AB64+AC64+Y64 -> -5
B65: 63 | C65: No | E65: =Personal!G65 -> - | G65: =Personal!H65 -> - | K65: =IF(G65="AGENTE",'Semana 1'!$J65+0.042,IF(G65="REDES",'Semana 1'!$J65+0.042,IF(G65="AGENTE RM",'Semana 1'!$J65+0.042,IF(G65="AGENTE APERTURA",'Semana 1'!$J65+0.021,IF(G65="AGENTE CIERRE",'Semana 1'!$J65+0.021," - "))))) -> - | M65: =IF(G65="AGENTE",'Semana 1'!$L65+0.014,IF(G65="REDES",'Semana 1'!$L65+0.014,IF(G65="AGENTE RM",'Semana 1'!$L65+0.014,IF(G65="AGENTE APERTURA",'Semana 1'!$L65+0.014,IF(G65="AGENTE CIERRE",'Semana 1'!$L65+0.014," - "))))) -> - | O65: =IF(G65="AGENTE",'Semana 1'!$N65+0.007,IF(G65="REDES",'Semana 1'!$N65+0.007,IF(G65="AGENTE RM",'Semana 1'!$N65+0.007,IF(G65="AGENTE APERTURA",'Semana 1'!$N65+0.007,IF(G65="AGENTE CIERRE",'Semana 1'!$N65+0.007," - "))))) -> - | P65: =(IFERROR(I65-H65,0)*24)-1 -> -1.0 | T65: =IF(G65="AGENTE",'Semana 1'!$S65+0.042,IF(G65="REDES",'Semana 1'!$S65+0.042,IF(G65="AGENTE RM",'Semana 1'!$S65+0.042,IF(G65="AGENTE APERTURA",'Semana 1'!$S65+0.021,IF(G65="AGENTE CIERRE",'Semana 1'!$S65+0.021," - "))))) -> - | Y65: =(IFERROR(R65-Q65,0)*24) -> 0.0 | Z65: =$P65 -> -1.0 | AA65: =$P65 -> -1.0 | AB65: =$P65 -> -1.0 | AC65: =$P65 -> -1.0 | AD65: =P65+Z65+AA65+AB65+AC65+Y65 -> -5
B66: 64 | C66: No | E66: =Personal!G66 -> - | G66: =Personal!H66 -> - | K66: =IF(G66="AGENTE",'Semana 1'!$J66+0.042,IF(G66="REDES",'Semana 1'!$J66+0.042,IF(G66="AGENTE RM",'Semana 1'!$J66+0.042,IF(G66="AGENTE APERTURA",'Semana 1'!$J66+0.021,IF(G66="AGENTE CIERRE",'Semana 1'!$J66+0.021," - "))))) -> - | M66: =IF(G66="AGENTE",'Semana 1'!$L66+0.014,IF(G66="REDES",'Semana 1'!$L66+0.014,IF(G66="AGENTE RM",'Semana 1'!$L66+0.014,IF(G66="AGENTE APERTURA",'Semana 1'!$L66+0.014,IF(G66="AGENTE CIERRE",'Semana 1'!$L66+0.014," - "))))) -> - | O66: =IF(G66="AGENTE",'Semana 1'!$N66+0.007,IF(G66="REDES",'Semana 1'!$N66+0.007,IF(G66="AGENTE RM",'Semana 1'!$N66+0.007,IF(G66="AGENTE APERTURA",'Semana 1'!$N66+0.007,IF(G66="AGENTE CIERRE",'Semana 1'!$N66+0.007," - "))))) -> - | P66: =(IFERROR(I66-H66,0)*24)-1 -> -1.0 | T66: =IF(G66="AGENTE",'Semana 1'!$S66+0.042,IF(G66="REDES",'Semana 1'!$S66+0.042,IF(G66="AGENTE RM",'Semana 1'!$S66+0.042,IF(G66="AGENTE APERTURA",'Semana 1'!$S66+0.021,IF(G66="AGENTE CIERRE",'Semana 1'!$S66+0.021," - "))))) -> - | Y66: =(IFERROR(R66-Q66,0)*24) -> 0.0 | Z66: =$P66 -> -1.0 | AA66: =$P66 -> -1.0 | AB66: =$P66 -> -1.0 | AC66: =$P66 -> -1.0 | AD66: =P66+Z66+AA66+AB66+AC66+Y66 -> -5
B67: 65 | C67: Si | E67: =Personal!G67 -> Selvin Manolo Rajpop Ajuchan | G67: =Personal!H67 -> AGENTE | H67: 0.33333333 | I67: =IF(H67=0," ",IF(Q67=0,(H67+0.417),(H67+0.3756))) -> 17:00 | J67: 0.54166667 | K67: =IF(G67="AGENTE",'Semana 1'!$J67+0.042,IF(G67="REDES",'Semana 1'!$J67+0.042,IF(G67="AGENTE RM",'Semana 1'!$J67+0.042,IF(G67="AGENTE APERTURA",'Semana 1'!$J67+0.021,IF(G67="AGENTE CIERRE",'Semana 1'!$J67+0.021," - "))))) -> 14:00 | L67: 0.38541667 | M67: =IF(G67="AGENTE",'Semana 1'!$L67+0.014,IF(G67="REDES",'Semana 1'!$L67+0.014,IF(G67="AGENTE RM",'Semana 1'!$L67+0.014,IF(G67="AGENTE APERTURA",'Semana 1'!$L67+0.014,IF(G67="AGENTE CIERRE",'Semana 1'!$L67+0.014," - "))))) -> 9:35 | N67: 0.69791667 | O67: =IF(G67="AGENTE",'Semana 1'!$N67+0.007,IF(G67="REDES",'Semana 1'!$N67+0.007,IF(G67="AGENTE RM",'Semana 1'!$N67+0.007,IF(G67="AGENTE APERTURA",'Semana 1'!$N67+0.007,IF(G67="AGENTE CIERRE",'Semana 1'!$N67+0.007," - "))))) -> 16:55 | P67: =(IFERROR(I67-H67,0)*24)-1 -> 8.0 | Q67: 0.35416667 | R67: =IF(Q67=0,"",Q67+0.209) -> 13:30 | U67: 0.35416667 | V67: =IF(U67=0,"",U67+0.021) -> 9:00 | Y67: =(IFERROR(R67-Q67,0)*24) -> 5.0 | Z67: =$P67 -> 8.0 | AA67: =$P67 -> 8.0 | AB67: =$P67 -> 8.0 | AC67: =$P67 -> 8.0 | AD67: =P67+Z67+AA67+AB67+AC67+Y67 -> 45
B68: 66 | C68: Si | E68: =Personal!G68 -> Abner Alexander Curruchich Diaz | G68: =Personal!H68 -> AGENTE | H68: 0.66666667 | I68: 0.95833333 | J68: 0.875 | K68: 0.89583333 | L68: 0.89583333 | M68: =IF(G68="AGENTE",'Semana 1'!$L68+0.014,IF(G68="REDES",'Semana 1'!$L68+0.014,IF(G68="AGENTE RM",'Semana 1'!$L68+0.014,IF(G68="AGENTE APERTURA",'Semana 1'!$L68+0.014,IF(G68="AGENTE CIERRE",'Semana 1'!$L68+0.014," - "))))) -> 21:50 | N68: 0.90972222 | O68: =IF(G68="AGENTE",'Semana 1'!$N68+0.007,IF(G68="REDES",'Semana 1'!$N68+0.007,IF(G68="AGENTE RM",'Semana 1'!$N68+0.007,IF(G68="AGENTE APERTURA",'Semana 1'!$N68+0.007,IF(G68="AGENTE CIERRE",'Semana 1'!$N68+0.007," - "))))) -> 22:00 | P68: =(IFERROR(I68-H68,0)*24)-1 -> 6.0 | Q68: 0.66666667 | R68: 0.95833333 | S68: 0.875 | T68: 0.89583333 | U68: 0.89583333 | V68: 0.90983333 | W68: 0.90972222 | X68: 0.91672222 | Y68: =(IFERROR(R68-Q68,0)*24)-1 -> 6.0 | Z68: =$P68 -> 6.0 | AA68: =$P68 -> 6.0 | AB68: =$P68 -> 6.0 | AC68: =$P68 -> 6.0 | AD68: =P68+Z68+AA68+AB68+AC68+Y68 -> 36
B69: 67 | C69: Si | E69: =Personal!G69 -> Cindi Yorleni Godinez Siles de Eguizabal | G69: =Personal!H69 -> AGENTE | H69: 0.41666667 | I69: =IF(H69=0," ",IF(Q69=0,(H69+0.417),(H69+0.3756))) -> 19:00 | J69: 0.625 | K69: =IF(G69="AGENTE",'Semana 1'!$J69+0.042,IF(G69="REDES",'Semana 1'!$J69+0.042,IF(G69="AGENTE RM",'Semana 1'!$J69+0.042,IF(G69="AGENTE APERTURA",'Semana 1'!$J69+0.021,IF(G69="AGENTE CIERRE",'Semana 1'!$J69+0.021," - "))))) -> 16:00 | L69: 0.46875 | M69: =IF(G69="AGENTE",'Semana 1'!$L69+0.014,IF(G69="REDES",'Semana 1'!$L69+0.014,IF(G69="AGENTE RM",'Semana 1'!$L69+0.014,IF(G69="AGENTE APERTURA",'Semana 1'!$L69+0.014,IF(G69="AGENTE CIERRE",'Semana 1'!$L69+0.014," - "))))) -> 11:35 | N69: 0.6875 | O69: =IF(G69="AGENTE",'Semana 1'!$N69+0.007,IF(G69="REDES",'Semana 1'!$N69+0.007,IF(G69="AGENTE RM",'Semana 1'!$N69+0.007,IF(G69="AGENTE APERTURA",'Semana 1'!$N69+0.007,IF(G69="AGENTE CIERRE",'Semana 1'!$N69+0.007," - "))))) -> 16:40 | P69: =(IFERROR(I69-H69,0)*24)-1 -> 8.0 | Q69: 0.45833333 | R69: =IF(Q69=0,"",Q69+0.209) -> 16:00 | U69: 0.54166667 | V69: =IF(U69=0,"",U69+0.021) -> 13:30 | Y69: =(IFERROR(R69-Q69,0)*24) -> 5.0 | Z69: =$P69 -> 8.0 | AA69: =$P69 -> 8.0 | AB69: =$P69 -> 8.0 | AC69: =$P69 -> 8.0 | AD69: =P69+Z69+AA69+AB69+AC69+Y69 -> 45
B70: 68 | C70: Si | E70: =Personal!G70 -> Lleny Yolanda Asetun Jeronimo de Mateo | G70: =Personal!H70 -> AGENTE | H70: 0.33333333 | I70: =IF(H70=0," ",IF(Q70=0,(H70+0.417),(H70+0.3756))) -> 17:00 | J70: 0.54166667 | K70: =IF(G70="AGENTE",'Semana 1'!$J70+0.042,IF(G70="REDES",'Semana 1'!$J70+0.042,IF(G70="AGENTE RM",'Semana 1'!$J70+0.042,IF(G70="AGENTE APERTURA",'Semana 1'!$J70+0.021,IF(G70="AGENTE CIERRE",'Semana 1'!$J70+0.021," - "))))) -> 14:00 | L70: 0.39583333 | M70: =IF(G70="AGENTE",'Semana 1'!$L70+0.014,IF(G70="REDES",'Semana 1'!$L70+0.014,IF(G70="AGENTE RM",'Semana 1'!$L70+0.014,IF(G70="AGENTE APERTURA",'Semana 1'!$L70+0.014,IF(G70="AGENTE CIERRE",'Semana 1'!$L70+0.014," - "))))) -> 9:50 | N70: 0.67708333 | O70: =IF(G70="AGENTE",'Semana 1'!$N70+0.007,IF(G70="REDES",'Semana 1'!$N70+0.007,IF(G70="AGENTE RM",'Semana 1'!$N70+0.007,IF(G70="AGENTE APERTURA",'Semana 1'!$N70+0.007,IF(G70="AGENTE CIERRE",'Semana 1'!$N70+0.007," - "))))) -> 16:25 | P70: =(IFERROR(I70-H70,0)*24)-1 -> 8.0 | Q70: 0.54166667 | R70: =IF(Q70=0,"",Q70+0.209) -> 18:00 | U70: 0.64583333 | V70: =IF(U70=0,"",U70+0.021) -> 16:00 | Y70: =(IFERROR(R70-Q70,0)*24) -> 5.0 | Z70: =$P70 -> 8.0 | AA70: =$P70 -> 8.0 | AB70: =$P70 -> 8.0 | AC70: =$P70 -> 8.0 | AD70: =P70+Z70+AA70+AB70+AC70+Y70 -> 45
B71: 69 | C71: Si | E71: =Personal!G71 -> Ruth Nohemi Rosales Perez | G71: =Personal!H71 -> AGENTE | H71: 0.29166667 | I71: =IF(H71=0," ",IF(Q71=0,(H71+0.417),(H71+0.3756))) -> 16:00 | J71: 0.5 | K71: =IF(G71="AGENTE",'Semana 1'!$J71+0.042,IF(G71="REDES",'Semana 1'!$J71+0.042,IF(G71="AGENTE RM",'Semana 1'!$J71+0.042,IF(G71="AGENTE APERTURA",'Semana 1'!$J71+0.021,IF(G71="AGENTE CIERRE",'Semana 1'!$J71+0.021," - "))))) -> 13:00 | L71: 0.36458333 | M71: =IF(G71="AGENTE",'Semana 1'!$L71+0.014,IF(G71="REDES",'Semana 1'!$L71+0.014,IF(G71="AGENTE RM",'Semana 1'!$L71+0.014,IF(G71="AGENTE APERTURA",'Semana 1'!$L71+0.014,IF(G71="AGENTE CIERRE",'Semana 1'!$L71+0.014," - "))))) -> 9:05 | N71: 0.64583333 | O71: =IF(G71="AGENTE",'Semana 1'!$N71+0.007,IF(G71="REDES",'Semana 1'!$N71+0.007,IF(G71="AGENTE RM",'Semana 1'!$N71+0.007,IF(G71="AGENTE APERTURA",'Semana 1'!$N71+0.007,IF(G71="AGENTE CIERRE",'Semana 1'!$N71+0.007," - "))))) -> 15:40 | P71: =(IFERROR(I71-H71,0)*24)-1 -> 8.0 | Q71: 0.45833333 | R71: =IF(Q71=0,"",Q71+0.209) -> 16:00 | U71: 0.5 | V71: =IF(U71=0,"",U71+0.021) -> 12:30 | Y71: =(IFERROR(R71-Q71,0)*24) -> 5.0 | Z71: =$P71 -> 8.0 | AA71: =$P71 -> 8.0 | AB71: =$P71 -> 8.0 | AC71: =$P71 -> 8.0 | AD71: =P71+Z71+AA71+AB71+AC71+Y71 -> 45
B72: 70 | C72: Si | E72: =Personal!G72 -> Erick Alejandro Avea Rivera | G72: =Personal!H72 -> AGENTE | H72: 0.41666667 | I72: =IF(H72=0," ",IF(Q72=0,(H72+0.417),(H72+0.3756))) -> 19:00 | J72: 0.625 | K72: =IF(G72="AGENTE",'Semana 1'!$J72+0.042,IF(G72="REDES",'Semana 1'!$J72+0.042,IF(G72="AGENTE RM",'Semana 1'!$J72+0.042,IF(G72="AGENTE APERTURA",'Semana 1'!$J72+0.021,IF(G72="AGENTE CIERRE",'Semana 1'!$J72+0.021," - "))))) -> 16:00 | L72: 0.47916667 | M72: =IF(G72="AGENTE",'Semana 1'!$L72+0.014,IF(G72="REDES",'Semana 1'!$L72+0.014,IF(G72="AGENTE RM",'Semana 1'!$L72+0.014,IF(G72="AGENTE APERTURA",'Semana 1'!$L72+0.014,IF(G72="AGENTE CIERRE",'Semana 1'!$L72+0.014," - "))))) -> 11:50 | N72: 0.69791667 | O72: =IF(G72="AGENTE",'Semana 1'!$N72+0.007,IF(G72="REDES",'Semana 1'!$N72+0.007,IF(G72="AGENTE RM",'Semana 1'!$N72+0.007,IF(G72="AGENTE APERTURA",'Semana 1'!$N72+0.007,IF(G72="AGENTE CIERRE",'Semana 1'!$N72+0.007," - "))))) -> 16:55 | P72: =(IFERROR(I72-H72,0)*24)-1 -> 8.0 | Q72: 0.5 | R72: =IF(Q72=0,"",Q72+0.209) -> 17:00 | U72: 0.58333333 | V72: =IF(U72=0,"",U72+0.021) -> 14:30 | Y72: =(IFERROR(R72-Q72,0)*24) -> 5.0 | Z72: =$P72 -> 8.0 | AA72: =$P72 -> 8.0 | AB72: =$P72 -> 8.0 | AC72: =$P72 -> 8.0 | AD72: =P72+Z72+AA72+AB72+AC72+Y72 -> 45
B73: 71 | C73: Si | E73: =Personal!G73 -> Johanna Elizabeth Rodriguez Bustamante | G73: =Personal!H73 -> AGENTE | H73: 0.33333333 | I73: =IF(H73=0," ",IF(Q73=0,(H73+0.417),(H73+0.3756))) -> 17:00 | J73: 0.54166667 | K73: =IF(G73="AGENTE",'Semana 1'!$J73+0.042,IF(G73="REDES",'Semana 1'!$J73+0.042,IF(G73="AGENTE RM",'Semana 1'!$J73+0.042,IF(G73="AGENTE APERTURA",'Semana 1'!$J73+0.021,IF(G73="AGENTE CIERRE",'Semana 1'!$J73+0.021," - "))))) -> 14:00 | L73: 0.40625 | M73: =IF(G73="AGENTE",'Semana 1'!$L73+0.014,IF(G73="REDES",'Semana 1'!$L73+0.014,IF(G73="AGENTE RM",'Semana 1'!$L73+0.014,IF(G73="AGENTE APERTURA",'Semana 1'!$L73+0.014,IF(G73="AGENTE CIERRE",'Semana 1'!$L73+0.014," - "))))) -> 10:05 | N73: 0.67708333 | O73: =IF(G73="AGENTE",'Semana 1'!$N73+0.007,IF(G73="REDES",'Semana 1'!$N73+0.007,IF(G73="AGENTE RM",'Semana 1'!$N73+0.007,IF(G73="AGENTE APERTURA",'Semana 1'!$N73+0.007,IF(G73="AGENTE CIERRE",'Semana 1'!$N73+0.007," - "))))) -> 16:25 | P73: =(IFERROR(I73-H73,0)*24)-1 -> 8.0 | Q73: 0.54166667 | R73: =IF(Q73=0,"",Q73+0.209) -> 18:00 | U73: 0.625 | V73: =IF(U73=0,"",U73+0.021) -> 15:30 | Y73: =(IFERROR(R73-Q73,0)*24) -> 5.0 | Z73: =$P73 -> 8.0 | AA73: =$P73 -> 8.0 | AB73: =$P73 -> 8.0 | AC73: =$P73 -> 8.0 | AD73: =P73+Z73+AA73+AB73+AC73+Y73 -> 45
B74: 72 | C74: Si | E74: =Personal!G74 -> Rosbin Omar Salazar Pacay | G74: =Personal!H74 -> AGENTE | H74: 0.33333333 | I74: =IF(H74=0," ",IF(Q74=0,(H74+0.417),(H74+0.3756))) -> 17:00 | J74: 0.58333333 | K74: =IF(G74="AGENTE",'Semana 1'!$J74+0.042,IF(G74="REDES",'Semana 1'!$J74+0.042,IF(G74="AGENTE RM",'Semana 1'!$J74+0.042,IF(G74="AGENTE APERTURA",'Semana 1'!$J74+0.021,IF(G74="AGENTE CIERRE",'Semana 1'!$J74+0.021," - "))))) -> 15:00 | L74: 0.39583333 | M74: =IF(G74="AGENTE",'Semana 1'!$L74+0.014,IF(G74="REDES",'Semana 1'!$L74+0.014,IF(G74="AGENTE RM",'Semana 1'!$L74+0.014,IF(G74="AGENTE APERTURA",'Semana 1'!$L74+0.014,IF(G74="AGENTE CIERRE",'Semana 1'!$L74+0.014," - "))))) -> 9:50 | N74: 0.66666667 | O74: =IF(G74="AGENTE",'Semana 1'!$N74+0.007,IF(G74="REDES",'Semana 1'!$N74+0.007,IF(G74="AGENTE RM",'Semana 1'!$N74+0.007,IF(G74="AGENTE APERTURA",'Semana 1'!$N74+0.007,IF(G74="AGENTE CIERRE",'Semana 1'!$N74+0.007," - "))))) -> 16:10 | P74: =(IFERROR(I74-H74,0)*24)-1 -> 8.0 | Q74: 0.54166667 | R74: =IF(Q74=0,"",Q74+0.209) -> 18:00 | U74: 0.60416667 | V74: =IF(U74=0,"",U74+0.021) -> 15:00 | Y74: =(IFERROR(R74-Q74,0)*24) -> 5.0 | Z74: =$P74 -> 8.0 | AA74: =$P74 -> 8.0 | AB74: =$P74 -> 8.0 | AC74: =$P74 -> 8.0 | AD74: =P74+Z74+AA74+AB74+AC74+Y74 -> 45
